{"type":"FeatureCollection","features":[{"type":"Feature","properties":{"iso2_country":"CL","region_code":"01","region_name":"Tarapacá","region_abbr":"TPCA","province_code":"011","province_name":"Iquique","commune_code":"01101","commune_name":"Iquique","lat_sex":"-20°14' 38''","lon_sex":"-70°8' 20''","surface":2242.1,"population":191468,"density":85.4,"idh":0.766},"geometry":{"type":"Point","coordinates":[-70.1389,-20.2439]}},{"type":"Feature","properties":{"iso2_country":"CL","region_code":"01","region_name":"Tarapacá","region_abbr":"TPCA","province_code":"011","province_name":"Iquique","commune_code":"01107","commune_name":"Alto Hospicio","lat_sex":"-20°15' 25''","lon_sex":"-70°1' 19''","surface":572.9,"population":108375,"density":189.2},"geometry":{"type":"Point","coordinates":[-70.0219,-20.2569]}},{"type":"Feature","properties":{"iso2_country":"CL","region_code":"01","region_name":"Tarapacá","region_abbr":"TPCA","province_code":"014","province_name":"Tamarugal","commune_code":"01401","commune_name":"Pozo Almonte","lat_sex":"-20°17' 27''","lon_sex":"-69°41' 45''","surface":13765.8,"population":15711,"density":1.14,"idh":0.722},"geometry":{"type":"Point","coordinates":[-69.6958,-20.2908]}},{"type":"Feature","properties":{"iso2_country":"CL","region_code":"01","region_name":"Tarapacá","region_abbr":"TPCA","province_code":"014","province_name":"Tamarugal","commune_code":"01402","commune_name":"Camiña","lat_sex":"-20°28' 58''","lon_sex":"-69°22' 1''","surface":2200.2,"population":1250,"density":0.57,"idh":0.619},"geometry":{"type":"Point","coordinates":[-69.3669,-20.4828]}},{"type":"Feature","properties":{"iso2_country":"CL","region_code":"01","region_name":"Tarapacá","region_abbr":"TPCA","province_code":"014","province_name":"Tamarugal","commune_code":"01403","commune_name":"Colchane","lat_sex":"-19°17' 2''","lon_sex":"-68°40' 30\"","surface":4015.6,"population":1728,"density":0.43,"idh":0.603},"geometry":{"type":"Point","coordinates":[-68.675,-19.2839]}},{"type":"Feature","properties":{"iso2_country":"CL","region_code":"01","region_name":"Tarapacá","region_abbr":"TPCA","province_code":"014","province_name":"Tamarugal","commune_code":"01404","commune_name":"Huara","lat_sex":"-19°48' 32''","lon_sex":"-69°58' 19''","surface":10474.6,"population":2730,"density":0.26,"idh":0.676},"geometry":{"type":"Point","coordinates":[-69.9719,-19.8089]}},{"type":"Feature","properties":{"iso2_country":"CL","region_code":"01","region_name":"Tarapacá","region_abbr":"TPCA","province_code":"014","province_name":"Tamarugal","commune_code":"01405","commune_name":"Pica","lat_sex":"-20°28' 58''","lon_sex":"-69°22' 40''","surface":8934.3,"population":9296,"density":1.04,"idh":0.793},"geometry":{"type":"Point","coordinates":[-69.3778,-20.4828]}},{"type":"Feature","properties":{"iso2_country":"CL","region_code":"02","region_name":"Antofagasta","region_abbr":"ANTOF","province_code":"021","province_name":"Antofagasta","commune_code":"02101","commune_name":"Antofagasta","lat_sex":"-23°39' 3''","lon_sex":"-70°23' 42\"","surface":30718.1,"population":361873,"density":11.8,"idh":0.734},"geometry":{"type":"Point","coordinates":[-70.395,-23.6508]}},{"type":"Feature","properties":{"iso2_country":"CL","region_code":"02","region_name":"Antofagasta","region_abbr":"ANTOF","province_code":"021","province_name":"Antofagasta","commune_code":"02102","commune_name":"Mejillones","lat_sex":"-23°6' 36\"","lon_sex":"-70°27' 21''","surface":3803.9,"population":13467,"density":3.54,"idh":0.73},"geometry":{"type":"Point","coordinates":[-70.4558,-23.11]}},{"type":"Feature","properties":{"iso2_country":"CL","region_code":"02","region_name":"Antofagasta","region_abbr":"ANTOF","province_code":"021","province_name":"Antofagasta","commune_code":"02103","commune_name":"Sierra Gorda","lat_sex":"-22°53' 52''","lon_sex":"-69°19' 22''","surface":12886,"population":10186,"density":0.79,"idh":0.789},"geometry":{"type":"Point","coordinates":[-69.3228,-22.8978]}},{"type":"Feature","properties":{"iso2_country":"CL","region_code":"02","region_name":"Antofagasta","region_abbr":"ANTOF","province_code":"021","province_name":"Antofagasta","commune_code":"02104","commune_name":"Taltal","lat_sex":"-25°24' 36\"","lon_sex":"-70°29' 20''","surface":20405.1,"population":13317,"density":0.65,"idh":0.716},"geometry":{"type":"Point","coordinates":[-70.4889,-25.41]}},{"type":"Feature","properties":{"iso2_country":"CL","region_code":"02","region_name":"Antofagasta","region_abbr":"ANTOF","province_code":"022","province_name":"El Loa","commune_code":"02201","commune_name":"Calama","lat_sex":"-22°28' 26''","lon_sex":"-68°55' 26''","surface":15596.9,"population":165731,"density":10.6,"idh":0.757},"geometry":{"type":"Point","coordinates":[-68.9239,-22.4739]}},{"type":"Feature","properties":{"iso2_country":"CL","region_code":"02","region_name":"Antofagasta","region_abbr":"ANTOF","province_code":"022","province_name":"El Loa","commune_code":"02202","commune_name":"Ollagüe","lat_sex":"-21°13' 58''","lon_sex":"-68°16' 1''","surface":2964,"population":321,"density":0.11,"idh":0.679},"geometry":{"type":"Point","coordinates":[-68.2669,-21.2328]}},{"type":"Feature","properties":{"iso2_country":"CL","region_code":"02","region_name":"Antofagasta","region_abbr":"ANTOF","province_code":"022","province_name":"El Loa","commune_code":"02203","commune_name":"San Pedro de Atacama","lat_sex":"-22°55' 12\"","lon_sex":"-68°12' 36\"","surface":23439,"population":10996,"density":0.47,"idh":0.711},"geometry":{"type":"Point","coordinates":[-68.21,-22.92]}},{"type":"Feature","properties":{"iso2_country":"CL","region_code":"02","region_name":"Antofagasta","region_abbr":"ANTOF","province_code":"023","province_name":"Tocopilla","commune_code":"02301","commune_name":"Tocopilla","lat_sex":"-22°4' 55''","lon_sex":"-70°11' 20''","surface":4038.8,"population":25186,"density":6.24,"idh":0.69},"geometry":{"type":"Point","coordinates":[-70.1889,-22.0819]}},{"type":"Feature","properties":{"iso2_country":"CL","region_code":"02","region_name":"Antofagasta","region_abbr":"ANTOF","province_code":"023","province_name":"Tocopilla","commune_code":"02302","commune_name":"María Elena","lat_sex":"-22°19' 1''","lon_sex":"-69°40' 37''","surface":12197,"population":6457,"density":0.53,"idh":0.779},"geometry":{"type":"Point","coordinates":[-69.6769,-22.3169]}},{"type":"Feature","properties":{"iso2_country":"CL","region_code":"03","region_name":"Atacama","region_abbr":"ATCMA","province_code":"031","province_name":"Copiapó","commune_code":"03101","commune_name":"Copiapó","lat_sex":"-27°22' 30\"","lon_sex":"-70°19' 44''","surface":16681.3,"population":153937,"density":9.23,"idh":0.725},"geometry":{"type":"Point","coordinates":[-70.3289,-27.375]}},{"type":"Feature","properties":{"iso2_country":"CL","region_code":"03","region_name":"Atacama","region_abbr":"ATCMA","province_code":"031","province_name":"Copiapó","commune_code":"03102","commune_name":"Caldera","lat_sex":"-27°3' 57''","lon_sex":"-70°49' 33''","surface":4666.6,"population":17662,"density":3.79,"idh":0.741},"geometry":{"type":"Point","coordinates":[-70.8258,-27.0658]}},{"type":"Feature","properties":{"iso2_country":"CL","region_code":"03","region_name":"Atacama","region_abbr":"ATCMA","province_code":"031","province_name":"Copiapó","commune_code":"03103","commune_name":"Tierra Amarilla","lat_sex":"-27°28' 22''","lon_sex":"-70°16' 58''","surface":11191,"population":14019,"density":1.25,"idh":0.686},"geometry":{"type":"Point","coordinates":[-70.2828,-27.4728]}},{"type":"Feature","properties":{"iso2_country":"CL","region_code":"03","region_name":"Atacama","region_abbr":"ATCMA","province_code":"032","province_name":"Chañaral","commune_code":"03201","commune_name":"Chañaral","lat_sex":"-26°20' 45''","lon_sex":"-70°37' 26''","surface":5772,"population":12219,"density":2.12,"idh":0.714},"geometry":{"type":"Point","coordinates":[-70.6239,-26.3458]}},{"type":"Feature","properties":{"iso2_country":"CL","region_code":"03","region_name":"Atacama","region_abbr":"ATCMA","province_code":"032","province_name":"Chañaral","commune_code":"03202","commune_name":"Diego de Almagro","lat_sex":"-26°23' 24\"","lon_sex":"-70°3' 7''","surface":18664,"population":13925,"density":0.75,"idh":0.789},"geometry":{"type":"Point","coordinates":[-70.0519,-26.39]}},{"type":"Feature","properties":{"iso2_country":"CL","region_code":"03","region_name":"Atacama","region_abbr":"ATCMA","province_code":"033","province_name":"Huasco","commune_code":"03301","commune_name":"Vallenar","lat_sex":"-28°34' 37''","lon_sex":"-70°46' 12\"","surface":7084,"population":51917,"density":7.33,"idh":0.731},"geometry":{"type":"Point","coordinates":[-70.77,-28.5769]}},{"type":"Feature","properties":{"iso2_country":"CL","region_code":"03","region_name":"Atacama","region_abbr":"ATCMA","province_code":"033","province_name":"Huasco","commune_code":"03302","commune_name":"Alto del Carmen","lat_sex":"-28°44' 56''","lon_sex":"-70°29' 27''","surface":5939,"population":5299,"density":0.89,"idh":0.664},"geometry":{"type":"Point","coordinates":[-70.4908,-28.7489]}},{"type":"Feature","properties":{"iso2_country":"CL","region_code":"03","region_name":"Atacama","region_abbr":"ATCMA","province_code":"033","province_name":"Huasco","commune_code":"03303","commune_name":"Freirina","lat_sex":"-28°30' 21''","lon_sex":"-71°4' 33''","surface":3207.9,"population":7041,"density":2.19,"idh":0.693},"geometry":{"type":"Point","coordinates":[-71.0758,-28.5058]}},{"type":"Feature","properties":{"iso2_country":"CL","region_code":"03","region_name":"Atacama","region_abbr":"ATCMA","province_code":"033","province_name":"Huasco","commune_code":"03304","commune_name":"Huasco","lat_sex":"-28°27' 21''","lon_sex":"-71°11' 9''","surface":1601.4,"population":10149,"density":6.34,"idh":0.695},"geometry":{"type":"Point","coordinates":[-71.1858,-28.4558]}},{"type":"Feature","properties":{"iso2_country":"CL","region_code":"04","region_name":"Coquimbo","region_abbr":"COQ","province_code":"041","province_name":"Elqui","commune_code":"04101","commune_name":"La Serena","lat_sex":"-29°54' 25''","lon_sex":"-71°14' 49''","surface":1892.8,"population":221054,"density":116.8,"idh":0.781},"geometry":{"type":"Point","coordinates":[-71.2469,-29.9069]}},{"type":"Feature","properties":{"iso2_country":"CL","region_code":"04","region_name":"Coquimbo","region_abbr":"COQ","province_code":"041","province_name":"Elqui","commune_code":"04102","commune_name":"Coquimbo","lat_sex":"-29°58' 15''","lon_sex":"-71°18' 25''","surface":1429,"population":227730,"density":159.4,"idh":0.731},"geometry":{"type":"Point","coordinates":[-71.3069,-29.9708]}},{"type":"Feature","properties":{"iso2_country":"CL","region_code":"04","region_name":"Coquimbo","region_abbr":"COQ","province_code":"041","province_name":"Elqui","commune_code":"04103","commune_name":"Andacollo","lat_sex":"-30°13' 48\"","lon_sex":"-71°5' 9''","surface":310,"population":11044,"density":35.7,"idh":0.675},"geometry":{"type":"Point","coordinates":[-71.0858,-30.23]}},{"type":"Feature","properties":{"iso2_country":"CL","region_code":"04","region_name":"Coquimbo","region_abbr":"COQ","province_code":"041","province_name":"Elqui","commune_code":"04104","commune_name":"La Higuera","lat_sex":"-29°30' 0\"","lon_sex":"-71°16' 58''","surface":4158.2,"population":4241,"density":1.02,"idh":0.67},"geometry":{"type":"Point","coordinates":[-71.2828,-29.5]}},{"type":"Feature","properties":{"iso2_country":"CL","region_code":"04","region_name":"Coquimbo","region_abbr":"COQ","province_code":"041","province_name":"Elqui","commune_code":"04105","commune_name":"Paiguano","lat_sex":"-30°2' 16''","lon_sex":"-70°30' 25''","surface":1495,"population":4497,"density":3.01,"idh":0.734},"geometry":{"type":"Point","coordinates":[-70.5069,-30.0378]}},{"type":"Feature","properties":{"iso2_country":"CL","region_code":"04","region_name":"Coquimbo","region_abbr":"COQ","province_code":"041","province_name":"Elqui","commune_code":"04106","commune_name":"Vicuña","lat_sex":"-30°1' 8''","lon_sex":"-70°42' 54\"","surface":7610,"population":27771,"density":3.65,"idh":0.716},"geometry":{"type":"Point","coordinates":[-70.715,-30.0189]}},{"type":"Feature","properties":{"iso2_country":"CL","region_code":"04","region_name":"Coquimbo","region_abbr":"COQ","province_code":"042","province_name":"Choapa","commune_code":"04201","commune_name":"Illapel","lat_sex":"-31°38' 20''","lon_sex":"-71°10' 44''","surface":2629,"population":30848,"density":11.7,"idh":0.667},"geometry":{"type":"Point","coordinates":[-71.1789,-31.6389]}},{"type":"Feature","properties":{"iso2_country":"CL","region_code":"04","region_name":"Coquimbo","region_abbr":"COQ","province_code":"042","province_name":"Choapa","commune_code":"04202","commune_name":"Canela","lat_sex":"-31°23' 45''","lon_sex":"-71°25' 8''","surface":2196.6,"population":9093,"density":4.14,"idh":0.644},"geometry":{"type":"Point","coordinates":[-71.4189,-31.3958]}},{"type":"Feature","properties":{"iso2_country":"CL","region_code":"04","region_name":"Coquimbo","region_abbr":"COQ","province_code":"042","province_name":"Choapa","commune_code":"04203","commune_name":"Los Vilos","lat_sex":"-31°54' 54\"","lon_sex":"-71°30' 21''","surface":1823.8,"population":21382,"density":11.7,"idh":0.675},"geometry":{"type":"Point","coordinates":[-71.5058,-31.915]}},{"type":"Feature","properties":{"iso2_country":"CL","region_code":"04","region_name":"Coquimbo","region_abbr":"COQ","province_code":"042","province_name":"Choapa","commune_code":"04204","commune_name":"Salamanca","lat_sex":"-31°46' 48\"","lon_sex":"-70°58' 1''","surface":3445,"population":29347,"density":8.52,"idh":0.676},"geometry":{"type":"Point","coordinates":[-70.9669,-31.78]}},{"type":"Feature","properties":{"iso2_country":"CL","region_code":"04","region_name":"Coquimbo","region_abbr":"COQ","province_code":"043","province_name":"Limarí","commune_code":"04301","commune_name":"Ovalle","lat_sex":"-30°35' 56''","lon_sex":"-71°11' 20''","surface":3835,"population":111272,"density":29,"idh":0.725},"geometry":{"type":"Point","coordinates":[-71.1889,-30.5989]}},{"type":"Feature","properties":{"iso2_country":"CL","region_code":"04","region_name":"Coquimbo","region_abbr":"COQ","province_code":"043","province_name":"Limarí","commune_code":"04302","commune_name":"Combarbalá","lat_sex":"-31°10' 48\"","lon_sex":"-71°0' 14''","surface":2257.5,"population":13322,"density":5.9,"idh":0.661},"geometry":{"type":"Point","coordinates":[-71.0039,-31.18]}},{"type":"Feature","properties":{"iso2_country":"CL","region_code":"04","region_name":"Coquimbo","region_abbr":"COQ","province_code":"043","province_name":"Limarí","commune_code":"04303","commune_name":"Monte Patria","lat_sex":"-30°46' 30\"","lon_sex":"-70°56' 34''","surface":4366.9,"population":30751,"density":7.04,"idh":0.653},"geometry":{"type":"Point","coordinates":[-70.9428,-30.775]}},{"type":"Feature","properties":{"iso2_country":"CL","region_code":"04","region_name":"Coquimbo","region_abbr":"COQ","province_code":"043","province_name":"Limarí","commune_code":"04304","commune_name":"Punitaqui","lat_sex":"-30°49' 58''","lon_sex":"-71°15' 36\"","surface":1339,"population":10956,"density":8.18,"idh":0.653},"geometry":{"type":"Point","coordinates":[-71.26,-30.8328]}},{"type":"Feature","properties":{"iso2_country":"CL","region_code":"04","region_name":"Coquimbo","region_abbr":"COQ","province_code":"043","province_name":"Limarí","commune_code":"04305","commune_name":"Río Hurtado","lat_sex":"-30°16' 22''","lon_sex":"-70°40' 1''","surface":2180,"population":4278,"density":1.96,"idh":0.653},"geometry":{"type":"Point","coordinates":[-70.6669,-30.2728]}},{"type":"Feature","properties":{"iso2_country":"CL","region_code":"05","region_name":"Valparaíso","region_abbr":"VALPO","province_code":"051","province_name":"Valparaíso","commune_code":"05101","commune_name":"Valparaíso","lat_sex":"-33°2' 60\"","lon_sex":"-71°36' 57''","surface":401.6,"population":296655,"density":738.7,"idh":0.701},"geometry":{"type":"Point","coordinates":[-71.6667,-33.0333]}},{"type":"Feature","properties":{"iso2_country":"CL","region_code":"05","region_name":"Valparaíso","region_abbr":"VALPO","province_code":"051","province_name":"Valparaíso","commune_code":"05102","commune_name":"Casablanca","lat_sex":"-33°19' 30\"","lon_sex":"-71°24' 36\"","surface":953,"population":26867,"density":28.2,"idh":0.712},"geometry":{"type":"Point","coordinates":[-71.41,-33.325]}},{"type":"Feature","properties":{"iso2_country":"CL","region_code":"05","region_name":"Valparaíso","region_abbr":"VALPO","province_code":"051","province_name":"Valparaíso","commune_code":"05103","commune_name":"Concón","lat_sex":"-32°57' 36\"","lon_sex":"-71°28' 8''","surface":76,"population":42152,"density":554.6,"idh":0.781},"geometry":{"type":"Point","coordinates":[-71.4689,-32.96]}},{"type":"Feature","properties":{"iso2_country":"CL","region_code":"05","region_name":"Valparaíso","region_abbr":"VALPO","province_code":"051","province_name":"Valparaíso","commune_code":"05104","commune_name":"Juan Fernández","lat_sex":"-33°37' 58''","lon_sex":"-78°52' 1''","surface":149.4,"population":926,"density":6.2,"idh":0.744},"geometry":{"type":"Point","coordinates":[-78.8669,-33.6328]}},{"type":"Feature","properties":{"iso2_country":"CL","region_code":"05","region_name":"Valparaíso","region_abbr":"VALPO","province_code":"051","province_name":"Valparaíso","commune_code":"05105","commune_name":"Puchuncaví","lat_sex":"-32°44' 52''","lon_sex":"-71°23' 52''","surface":300,"population":18546,"density":61.8,"idh":0.734},"geometry":{"type":"Point","coordinates":[-71.3978,-32.7478]}},{"type":"Feature","properties":{"iso2_country":"CL","region_code":"05","region_name":"Valparaíso","region_abbr":"VALPO","province_code":"051","province_name":"Valparaíso","commune_code":"05107","commune_name":"Quintero","lat_sex":"-32°50' 42\"","lon_sex":"-71°28' 1''","surface":148,"population":31923,"density":215.7,"idh":0.733},"geometry":{"type":"Point","coordinates":[-71.4669,-32.845]}},{"type":"Feature","properties":{"iso2_country":"CL","region_code":"05","region_name":"Valparaíso","region_abbr":"VALPO","province_code":"051","province_name":"Valparaíso","commune_code":"05109","commune_name":"Viña del Mar","lat_sex":"-33°1' 30\"","lon_sex":"-71°30' 54\"","surface":121.6,"population":334248,"density":2748.8,"idh":0.766},"geometry":{"type":"Point","coordinates":[-71.515,-33.025]}},{"type":"Feature","properties":{"iso2_country":"CL","region_code":"05","region_name":"Valparaíso","region_abbr":"VALPO","province_code":"052","province_name":"Isla de Pascua","commune_code":"05201","commune_name":"Isla de Pascua","lat_sex":"-27°7' 43''","lon_sex":"-109°21' 35''","surface":163.6,"population":7750,"density":47.4,"idh":0.715},"geometry":{"type":"Point","coordinates":[-109.3597,-27.1286]}},{"type":"Feature","properties":{"iso2_country":"CL","region_code":"05","region_name":"Valparaíso","region_abbr":"VALPO","province_code":"053","province_name":"Los Andes","commune_code":"05301","commune_name":"Los Andes","lat_sex":"-32°50' 13''","lon_sex":"-70°35' 49''","surface":1248,"population":66708,"density":53.5,"idh":0.756},"geometry":{"type":"Point","coordinates":[-70.5969,-32.8369]}},{"type":"Feature","properties":{"iso2_country":"CL","region_code":"05","region_name":"Valparaíso","region_abbr":"VALPO","province_code":"053","province_name":"Los Andes","commune_code":"05302","commune_name":"Calle Larga","lat_sex":"-32°52' 59\"","lon_sex":"-70°28' 55\"","surface":321.7,"population":14832,"density":46.1,"idh":0.706},"geometry":{"type":"Point","coordinates":[-70.4819,-32.8831]}},{"type":"Feature","properties":{"iso2_country":"CL","region_code":"05","region_name":"Valparaíso","region_abbr":"VALPO","province_code":"053","province_name":"Los Andes","commune_code":"05303","commune_name":"Rinconada","lat_sex":"-32°49' 59''","lon_sex":"-70°41' 18''","surface":122.5,"population":10207,"density":89.3,"idh":0.691},"geometry":{"type":"Point","coordinates":[-70.6883,-32.8331]}},{"type":"Feature","properties":{"iso2_country":"CL","region_code":"05","region_name":"Valparaíso","region_abbr":"VALPO","province_code":"053","province_name":"Los Andes","commune_code":"05304","commune_name":"San Esteban","lat_sex":"-32°48' 18\"","lon_sex":"-70°34' 51''","surface":681,"population":18855,"density":27.7,"idh":0.732},"geometry":{"type":"Point","coordinates":[-70.5808,-32.805]}},{"type":"Feature","properties":{"iso2_country":"CL","region_code":"05","region_name":"Valparaíso","region_abbr":"VALPO","province_code":"054","province_name":"Petorca","commune_code":"05401","commune_name":"La Ligua","lat_sex":"-32°21' 13''","lon_sex":"-71°16' 19''","surface":1163,"population":35390,"density":30.4,"idh":0.708},"geometry":{"type":"Point","coordinates":[-71.2719,-32.3536]}},{"type":"Feature","properties":{"iso2_country":"CL","region_code":"05","region_name":"Valparaíso","region_abbr":"VALPO","province_code":"054","province_name":"Petorca","commune_code":"05402","commune_name":"Cabildo","lat_sex":"-32°24' 32''","lon_sex":"-71°4' 48\"","surface":1455,"population":19388,"density":13.3,"idh":0.671},"geometry":{"type":"Point","coordinates":[-71.08,-32.4089]}},{"type":"Feature","properties":{"iso2_country":"CL","region_code":"05","region_name":"Valparaíso","region_abbr":"VALPO","province_code":"054","province_name":"Petorca","commune_code":"05403","commune_name":"Papudo","lat_sex":"-32°28' 12\"","lon_sex":"-71°22' 51''","surface":64.3,"population":6356,"density":98.9,"idh":0.734},"geometry":{"type":"Point","coordinates":[-71.3808,-32.47]}},{"type":"Feature","properties":{"iso2_country":"CL","region_code":"05","region_name":"Valparaíso","region_abbr":"VALPO","province_code":"054","province_name":"Petorca","commune_code":"05404","commune_name":"Petorca","lat_sex":"-32°17' 24\"","lon_sex":"-70°57' 0\"","surface":1517,"population":9826,"density":6.48,"idh":0.696},"geometry":{"type":"Point","coordinates":[-70.95,-32.29]}},{"type":"Feature","properties":{"iso2_country":"CL","region_code":"05","region_name":"Valparaíso","region_abbr":"VALPO","province_code":"054","province_name":"Petorca","commune_code":"05405","commune_name":"Zapallar","lat_sex":"-32°34' 4''","lon_sex":"-71°26' 16''","surface":288,"population":7339,"density":25.5,"idh":0.743},"geometry":{"type":"Point","coordinates":[-71.4378,-32.5678]}},{"type":"Feature","properties":{"iso2_country":"CL","region_code":"05","region_name":"Valparaíso","region_abbr":"VALPO","province_code":"055","province_name":"Quillota","commune_code":"05501","commune_name":"Quillota","lat_sex":"-32°54' 54\"","lon_sex":"-71°15' 50''","surface":302,"population":90517,"density":299.5,"idh":0.726},"geometry":{"type":"Point","coordinates":[-71.2639,-32.915]}},{"type":"Feature","properties":{"iso2_country":"CL","region_code":"05","region_name":"Valparaíso","region_abbr":"VALPO","province_code":"055","province_name":"Quillota","commune_code":"05502","commune_name":"Calera","lat_sex":"-32°47' 2''","lon_sex":"-71°12' 14''","surface":60.5,"population":50544,"density":835.4,"idh":0.7},"geometry":{"type":"Point","coordinates":[-71.2039,-32.7839]}},{"type":"Feature","properties":{"iso2_country":"CL","region_code":"05","region_name":"Valparaíso","region_abbr":"VALPO","province_code":"055","province_name":"Quillota","commune_code":"05503","commune_name":"Hijuelas","lat_sex":"-32°51' 18\"","lon_sex":"-71°5' 38''","surface":267,"population":17988,"density":67.4,"idh":0.672},"geometry":{"type":"Point","coordinates":[-71.0939,-32.855]}},{"type":"Feature","properties":{"iso2_country":"CL","region_code":"05","region_name":"Valparaíso","region_abbr":"VALPO","province_code":"055","province_name":"Quillota","commune_code":"05504","commune_name":"La Cruz","lat_sex":"-32°49' 26''","lon_sex":"-71°14' 38''","surface":78,"population":22098,"density":283.3,"idh":0.763},"geometry":{"type":"Point","coordinates":[-71.2439,-32.8239]}},{"type":"Feature","properties":{"iso2_country":"CL","region_code":"05","region_name":"Valparaíso","region_abbr":"VALPO","province_code":"055","province_name":"Quillota","commune_code":"05506","commune_name":"Nogales","lat_sex":"-32°44' 9''","lon_sex":"-71°12' 28''","surface":405,"population":22120,"density":54.6,"idh":0.689},"geometry":{"type":"Point","coordinates":[-71.2078,-32.7358]}},{"type":"Feature","properties":{"iso2_country":"CL","region_code":"05","region_name":"Valparaíso","region_abbr":"VALPO","province_code":"056","province_name":"San Antonio","commune_code":"05601","commune_name":"San Antonio","lat_sex":"-33°35' 41\"","lon_sex":"-71°36' 26''","surface":405,"population":91350,"density":225.6,"idh":0.697},"geometry":{"type":"Point","coordinates":[-71.6072,-33.5947]}},{"type":"Feature","properties":{"iso2_country":"CL","region_code":"05","region_name":"Valparaíso","region_abbr":"VALPO","province_code":"056","province_name":"San Antonio","commune_code":"05602","commune_name":"Algarrobo","lat_sex":"-33°22' 09\"","lon_sex":"-71°40' 05\"","surface":176,"population":13817,"density":78.5,"idh":0.722},"geometry":{"type":"Point","coordinates":[-71.6681,-33.3692]}},{"type":"Feature","properties":{"iso2_country":"CL","region_code":"05","region_name":"Valparaíso","region_abbr":"VALPO","province_code":"056","province_name":"San Antonio","commune_code":"05603","commune_name":"Cartagena","lat_sex":"-33°33' 13''","lon_sex":"-71°36' 27''","surface":246,"population":22738,"density":92.4,"idh":0.708},"geometry":{"type":"Point","coordinates":[-71.6075,-33.5536]}},{"type":"Feature","properties":{"iso2_country":"CL","region_code":"05","region_name":"Valparaíso","region_abbr":"VALPO","province_code":"056","province_name":"San Antonio","commune_code":"05604","commune_name":"El Quisco","lat_sex":"-33°23' 29\"","lon_sex":"-71°41' 34\"","surface":51,"population":15955,"density":312.8,"idh":0.745},"geometry":{"type":"Point","coordinates":[-71.6928,-33.3914]}},{"type":"Feature","properties":{"iso2_country":"CL","region_code":"05","region_name":"Valparaíso","region_abbr":"VALPO","province_code":"056","province_name":"San Antonio","commune_code":"05605","commune_name":"El Tabo","lat_sex":"-33°28' 48\"","lon_sex":"-71°37' 15''","surface":99,"population":13286,"density":134.2,"idh":0.747},"geometry":{"type":"Point","coordinates":[-71.6208,-33.48]}},{"type":"Feature","properties":{"iso2_country":"CL","region_code":"05","region_name":"Valparaíso","region_abbr":"VALPO","province_code":"056","province_name":"San Antonio","commune_code":"05606","commune_name":"Santo Domingo","lat_sex":"-33°42' 28''","lon_sex":"-71°37' 48\"","surface":536,"population":10900,"density":20.3,"idh":0.751},"geometry":{"type":"Point","coordinates":[-71.63,-33.7078]}},{"type":"Feature","properties":{"iso2_country":"CL","region_code":"05","region_name":"Valparaíso","region_abbr":"VALPO","province_code":"057","province_name":"San Felipe de Aconcagua","commune_code":"05701","commune_name":"San Felipe","lat_sex":"-32°45' 0\"","lon_sex":"-70°42' 46''","surface":186,"population":76844,"density":413.1,"idh":0.73},"geometry":{"type":"Point","coordinates":[-70.7128,-32.75]}},{"type":"Feature","properties":{"iso2_country":"CL","region_code":"05","region_name":"Valparaíso","region_abbr":"VALPO","province_code":"057","province_name":"San Felipe de Aconcagua","commune_code":"05702","commune_name":"Catemu","lat_sex":"-32°46' 51''","lon_sex":"-70°58' 8''","surface":361.6,"population":13998,"density":38.7,"idh":0.669},"geometry":{"type":"Point","coordinates":[-70.9689,-32.7808]}},{"type":"Feature","properties":{"iso2_country":"CL","region_code":"05","region_name":"Valparaíso","region_abbr":"VALPO","province_code":"057","province_name":"San Felipe de Aconcagua","commune_code":"05703","commune_name":"Llaillay","lat_sex":"-32°50' 38''","lon_sex":"-70°57' 25''","surface":349.1,"population":24608,"density":70.5,"idh":0.676},"geometry":{"type":"Point","coordinates":[-70.9569,-32.8439]}},{"type":"Feature","properties":{"iso2_country":"CL","region_code":"05","region_name":"Valparaíso","region_abbr":"VALPO","province_code":"057","province_name":"San Felipe de Aconcagua","commune_code":"05704","commune_name":"Panquehue","lat_sex":"-32°47' 2''","lon_sex":"-70°50' 13''","surface":121.9,"population":7273,"density":59.7,"idh":0.696},"geometry":{"type":"Point","coordinates":[-70.8369,-32.7839]}},{"type":"Feature","properties":{"iso2_country":"CL","region_code":"05","region_name":"Valparaíso","region_abbr":"VALPO","province_code":"057","province_name":"San Felipe de Aconcagua","commune_code":"05705","commune_name":"Putaendo","lat_sex":"-32°37' 40''","lon_sex":"-70°42' 57''","surface":1474,"population":16754,"density":11.4,"idh":0.674},"geometry":{"type":"Point","coordinates":[-70.7158,-32.6278]}},{"type":"Feature","properties":{"iso2_country":"CL","region_code":"05","region_name":"Valparaíso","region_abbr":"VALPO","province_code":"057","province_name":"San Felipe de Aconcagua","commune_code":"05706","commune_name":"Santa María","lat_sex":"-32°45' 1''","lon_sex":"-70°40' 1''","surface":166.3,"population":15241,"density":91.7,"idh":0.699},"geometry":{"type":"Point","coordinates":[-70.6669,-32.7503]}},{"type":"Feature","properties":{"iso2_country":"CL","region_code":"05","region_name":"Valparaíso","region_abbr":"VALPO","province_code":"058","province_name":"Marga Marga","commune_code":"05801","commune_name":"Quilpué","lat_sex":"-33°2' 51''","lon_sex":"-71°26' 32''","surface":536.9,"population":151708,"density":282.6,"idh":0.752},"geometry":{"type":"Point","coordinates":[-71.4422,-33.0475]}},{"type":"Feature","properties":{"iso2_country":"CL","region_code":"05","region_name":"Valparaíso","region_abbr":"VALPO","province_code":"058","province_name":"Marga Marga","commune_code":"05802","commune_name":"Limache","lat_sex":"-33°0' 10''","lon_sex":"-71°15' 39''","surface":294,"population":46121,"density":156.9,"idh":0.722},"geometry":{"type":"Point","coordinates":[-71.2608,-33.0028]}},{"type":"Feature","properties":{"iso2_country":"CL","region_code":"05","region_name":"Valparaíso","region_abbr":"VALPO","province_code":"058","province_name":"Marga Marga","commune_code":"05803","commune_name":"Olmué","lat_sex":"-33°0' 32''","lon_sex":"-71°10' 12\"","surface":232,"population":17516,"density":75.5,"idh":0.701},"geometry":{"type":"Point","coordinates":[-71.17,-33.0089]}},{"type":"Feature","properties":{"iso2_country":"CL","region_code":"05","region_name":"Valparaíso","region_abbr":"VALPO","province_code":"058","province_name":"Marga Marga","commune_code":"05804","commune_name":"Villa Alemana","lat_sex":"-33°3' 57''","lon_sex":"-71°19' 44''","surface":97,"population":126548,"density":1304.6,"idh":0.755},"geometry":{"type":"Point","coordinates":[-71.3289,-33.0658]}},{"type":"Feature","properties":{"iso2_country":"CL","region_code":"06","region_name":"Libertador General Bernardo O'Higgins","region_abbr":"LGBO","province_code":"061","province_name":"Cachapoal","commune_code":"06101","commune_name":"Rancagua","lat_sex":"-34°9' 43''","lon_sex":"-70°44' 27''","surface":260.3,"population":241744,"density":928.7,"idh":0.732},"geometry":{"type":"Point","coordinates":[-70.7408,-34.1619]}},{"type":"Feature","properties":{"iso2_country":"CL","region_code":"06","region_name":"Libertador General Bernardo O'Higgins","region_abbr":"LGBO","province_code":"061","province_name":"Cachapoal","commune_code":"06102","commune_name":"Codegua","lat_sex":"-34°1' 58''","lon_sex":"-70°40' 1''","surface":287,"population":12988,"density":45.3,"idh":0.706},"geometry":{"type":"Point","coordinates":[-70.6669,-34.0328]}},{"type":"Feature","properties":{"iso2_country":"CL","region_code":"06","region_name":"Libertador General Bernardo O'Higgins","region_abbr":"LGBO","province_code":"061","province_name":"Cachapoal","commune_code":"06103","commune_name":"Coinco","lat_sex":"-34°16' 22''","lon_sex":"-70°57' 10''","surface":98,"population":7359,"density":75.1,"idh":0.678},"geometry":{"type":"Point","coordinates":[-70.9528,-34.2728]}},{"type":"Feature","properties":{"iso2_country":"CL","region_code":"06","region_name":"Libertador General Bernardo O'Higgins","region_abbr":"LGBO","province_code":"061","province_name":"Cachapoal","commune_code":"06104","commune_name":"Coltauco","lat_sex":"-34°17' 49''","lon_sex":"-71°5' 31''","surface":225,"population":19597,"density":87.1,"idh":0.644},"geometry":{"type":"Point","coordinates":[-71.0919,-34.2969]}},{"type":"Feature","properties":{"iso2_country":"CL","region_code":"06","region_name":"Libertador General Bernardo O'Higgins","region_abbr":"LGBO","province_code":"061","province_name":"Cachapoal","commune_code":"06105","commune_name":"Doñihue","lat_sex":"-34°11' 6\"","lon_sex":"-70°53' 2''","surface":78,"population":20887,"density":267.8,"idh":0.685},"geometry":{"type":"Point","coordinates":[-70.8839,-34.185]}},{"type":"Feature","properties":{"iso2_country":"CL","region_code":"06","region_name":"Libertador General Bernardo O'Higgins","region_abbr":"LGBO","province_code":"061","province_name":"Cachapoal","commune_code":"06106","commune_name":"Graneros","lat_sex":"-34°3' 46''","lon_sex":"-70°43' 15''","surface":113,"population":33437,"density":295.9,"idh":0.691},"geometry":{"type":"Point","coordinates":[-70.7208,-34.0628]}},{"type":"Feature","properties":{"iso2_country":"CL","region_code":"06","region_name":"Libertador General Bernardo O'Higgins","region_abbr":"LGBO","province_code":"061","province_name":"Cachapoal","commune_code":"06107","commune_name":"Las Cabras","lat_sex":"-34°17' 6\"","lon_sex":"-71°18' 36\"","surface":749,"population":24640,"density":32.9,"idh":0.661},"geometry":{"type":"Point","coordinates":[-71.31,-34.285]}},{"type":"Feature","properties":{"iso2_country":"CL","region_code":"06","region_name":"Libertador General Bernardo O'Higgins","region_abbr":"LGBO","province_code":"061","province_name":"Cachapoal","commune_code":"06108","commune_name":"Machalí","lat_sex":"-34°11' 6\"","lon_sex":"-70°39' 43''","surface":2597,"population":52505,"density":20.2,"idh":0.73},"geometry":{"type":"Point","coordinates":[-70.6619,-34.185]}},{"type":"Feature","properties":{"iso2_country":"CL","region_code":"06","region_name":"Libertador General Bernardo O'Higgins","region_abbr":"LGBO","province_code":"061","province_name":"Cachapoal","commune_code":"06109","commune_name":"Malloa","lat_sex":"-34°26' 42\"","lon_sex":"-70°56' 42\"","surface":113,"population":13407,"density":118.7,"idh":0.649},"geometry":{"type":"Point","coordinates":[-70.945,-34.445]}},{"type":"Feature","properties":{"iso2_country":"CL","region_code":"06","region_name":"Libertador General Bernardo O'Higgins","region_abbr":"LGBO","province_code":"061","province_name":"Cachapoal","commune_code":"06110","commune_name":"Mostazal","lat_sex":"-33°58' 37''","lon_sex":"-70°42' 32''","surface":524,"population":25343,"density":48.4,"idh":0.691},"geometry":{"type":"Point","coordinates":[-70.7089,-33.9769]}},{"type":"Feature","properties":{"iso2_country":"CL","region_code":"06","region_name":"Libertador General Bernardo O'Higgins","region_abbr":"LGBO","province_code":"061","province_name":"Cachapoal","commune_code":"06111","commune_name":"Olivar","lat_sex":"-34°12' 50''","lon_sex":"-70°49' 8''","surface":45,"population":13608,"density":302.4,"idh":0.661},"geometry":{"type":"Point","coordinates":[-70.8189,-34.2139]}},{"type":"Feature","properties":{"iso2_country":"CL","region_code":"06","region_name":"Libertador General Bernardo O'Higgins","region_abbr":"LGBO","province_code":"061","province_name":"Cachapoal","commune_code":"06112","commune_name":"Peumo","lat_sex":"-34°23' 20''","lon_sex":"-71°10' 15''","surface":153.1,"population":14313,"density":93.5,"idh":0.674},"geometry":{"type":"Point","coordinates":[-71.1708,-34.3889]}},{"type":"Feature","properties":{"iso2_country":"CL","region_code":"06","region_name":"Libertador General Bernardo O'Higgins","region_abbr":"LGBO","province_code":"061","province_name":"Cachapoal","commune_code":"06113","commune_name":"Pichidegua","lat_sex":"-34°21' 25''","lon_sex":"-71°17' 13''","surface":320,"population":19714,"density":61.6,"idh":0.652},"geometry":{"type":"Point","coordinates":[-71.2869,-34.3569]}},{"type":"Feature","properties":{"iso2_country":"CL","region_code":"06","region_name":"Libertador General Bernardo O'Higgins","region_abbr":"LGBO","province_code":"061","province_name":"Cachapoal","commune_code":"06114","commune_name":"Quinta de Tilcoco","lat_sex":"-34°21' 25''","lon_sex":"-70°58' 8''","surface":93,"population":13002,"density":139.8,"idh":0.678},"geometry":{"type":"Point","coordinates":[-70.9689,-34.3569]}},{"type":"Feature","properties":{"iso2_country":"CL","region_code":"06","region_name":"Libertador General Bernardo O'Higgins","region_abbr":"LGBO","province_code":"061","province_name":"Cachapoal","commune_code":"06115","commune_name":"Rengo","lat_sex":"-34°24' 7''","lon_sex":"-70°51' 21''","surface":755,"population":58825,"density":77.9,"idh":0.68},"geometry":{"type":"Point","coordinates":[-70.8558,-34.4019]}},{"type":"Feature","properties":{"iso2_country":"CL","region_code":"06","region_name":"Libertador General Bernardo O'Higgins","region_abbr":"LGBO","province_code":"061","province_name":"Cachapoal","commune_code":"06116","commune_name":"Requínoa","lat_sex":"-34°16' 58''","lon_sex":"-70°48' 21''","surface":673,"population":27968,"density":41.6,"idh":0.668},"geometry":{"type":"Point","coordinates":[-70.8058,-34.2828]}},{"type":"Feature","properties":{"iso2_country":"CL","region_code":"06","region_name":"Libertador General Bernardo O'Higgins","region_abbr":"LGBO","province_code":"061","province_name":"Cachapoal","commune_code":"06117","commune_name":"San Vicente","lat_sex":"-34°4' 58''","lon_sex":"-71°45' 0\"","surface":497.8,"population":46766,"density":93.9,"idh":0.694},"geometry":{"type":"Point","coordinates":[-71.75,-34.0828]}},{"type":"Feature","properties":{"iso2_country":"CL","region_code":"06","region_name":"Libertador General Bernardo O'Higgins","region_abbr":"LGBO","province_code":"062","province_name":"Cardenal Caro","commune_code":"06201","commune_name":"Pichilemu","lat_sex":"-34°24' 7''","lon_sex":"-72°0' 32''","surface":749.1,"population":16394,"density":21.9,"idh":0.677},"geometry":{"type":"Point","coordinates":[-72.0089,-34.4019]}},{"type":"Feature","properties":{"iso2_country":"CL","region_code":"06","region_name":"Libertador General Bernardo O'Higgins","region_abbr":"LGBO","province_code":"062","province_name":"Cardenal Caro","commune_code":"06202","commune_name":"La Estrella","lat_sex":"-34°12' 0\"","lon_sex":"-71°40' 1''","surface":435,"population":3041,"density":6.99,"idh":0.696},"geometry":{"type":"Point","coordinates":[-71.6669,-34.2]}},{"type":"Feature","properties":{"iso2_country":"CL","region_code":"06","region_name":"Libertador General Bernardo O'Higgins","region_abbr":"LGBO","province_code":"062","province_name":"Cardenal Caro","commune_code":"06203","commune_name":"Litueche","lat_sex":"-34°7' 8''","lon_sex":"-71°43' 40''","surface":619,"population":6294,"density":10.2,"idh":0.645},"geometry":{"type":"Point","coordinates":[-71.7278,-34.1189]}},{"type":"Feature","properties":{"iso2_country":"CL","region_code":"06","region_name":"Libertador General Bernardo O'Higgins","region_abbr":"LGBO","province_code":"062","province_name":"Cardenal Caro","commune_code":"06204","commune_name":"Marchihue","lat_sex":"-34°23' 60\"","lon_sex":"-71°37' 58''","surface":660,"population":7308,"density":11.1,"idh":0.67},"geometry":{"type":"Point","coordinates":[-71.6333,-34.4]}},{"type":"Feature","properties":{"iso2_country":"CL","region_code":"06","region_name":"Libertador General Bernardo O'Higgins","region_abbr":"LGBO","province_code":"062","province_name":"Cardenal Caro","commune_code":"06205","commune_name":"Navidad","lat_sex":"-33°57' 0\"","lon_sex":"-71°49' 58''","surface":300,"population":6641,"density":22.1,"idh":0.651},"geometry":{"type":"Point","coordinates":[-71.8328,-33.95]}},{"type":"Feature","properties":{"iso2_country":"CL","region_code":"06","region_name":"Libertador General Bernardo O'Higgins","region_abbr":"LGBO","province_code":"062","province_name":"Cardenal Caro","commune_code":"06206","commune_name":"Paredones","lat_sex":"-34°39' 39''","lon_sex":"-71°53' 38''","surface":562,"population":6188,"density":11,"idh":0.628},"geometry":{"type":"Point","coordinates":[-71.8939,-34.6608]}},{"type":"Feature","properties":{"iso2_country":"CL","region_code":"06","region_name":"Libertador General Bernardo O'Higgins","region_abbr":"LGBO","province_code":"063","province_name":"Colchagua","commune_code":"06301","commune_name":"San Fernando","lat_sex":"-34°35' 2''","lon_sex":"-70°59' 13''","surface":2441,"population":73973,"density":30.3,"idh":0.725},"geometry":{"type":"Point","coordinates":[-70.9869,-34.5839]}},{"type":"Feature","properties":{"iso2_country":"CL","region_code":"06","region_name":"Libertador General Bernardo O'Higgins","region_abbr":"LGBO","province_code":"063","province_name":"Colchagua","commune_code":"06302","commune_name":"Chépica","lat_sex":"-34°43' 58''","lon_sex":"-71°16' 58''","surface":503,"population":15037,"density":29.9,"idh":0.637},"geometry":{"type":"Point","coordinates":[-71.2828,-34.7328]}},{"type":"Feature","properties":{"iso2_country":"CL","region_code":"06","region_name":"Libertador General Bernardo O'Higgins","region_abbr":"LGBO","province_code":"063","province_name":"Colchagua","commune_code":"06303","commune_name":"Chimbarongo","lat_sex":"-34°42' 28''","lon_sex":"-71°2' 31''","surface":498,"population":35399,"density":71.1,"idh":0.674},"geometry":{"type":"Point","coordinates":[-71.0419,-34.7078]}},{"type":"Feature","properties":{"iso2_country":"CL","region_code":"06","region_name":"Libertador General Bernardo O'Higgins","region_abbr":"LGBO","province_code":"063","province_name":"Colchagua","commune_code":"06304","commune_name":"Lolol","lat_sex":"-34°43' 51''","lon_sex":"-71°38' 9''","surface":597,"population":6811,"density":11.4,"idh":0.628},"geometry":{"type":"Point","coordinates":[-71.6358,-34.7308]}},{"type":"Feature","properties":{"iso2_country":"CL","region_code":"06","region_name":"Libertador General Bernardo O'Higgins","region_abbr":"LGBO","province_code":"063","province_name":"Colchagua","commune_code":"06305","commune_name":"Nancagua","lat_sex":"-34°38' 56''","lon_sex":"-71°12' 10''","surface":111,"population":17833,"density":160.7,"idh":0.665},"geometry":{"type":"Point","coordinates":[-71.2028,-34.6489]}},{"type":"Feature","properties":{"iso2_country":"CL","region_code":"06","region_name":"Libertador General Bernardo O'Higgins","region_abbr":"LGBO","province_code":"063","province_name":"Colchagua","commune_code":"06306","commune_name":"Palmilla","lat_sex":"-34°36' 14''","lon_sex":"-71°21' 28''","surface":237,"population":12482,"density":52.7,"idh":0.676},"geometry":{"type":"Point","coordinates":[-71.3578,-34.6039]}},{"type":"Feature","properties":{"iso2_country":"CL","region_code":"06","region_name":"Libertador General Bernardo O'Higgins","region_abbr":"LGBO","province_code":"063","province_name":"Colchagua","commune_code":"06307","commune_name":"Peralillo","lat_sex":"-34°28' 58''","lon_sex":"-71°28' 58''","surface":282.6,"population":11007,"density":38.9,"idh":0.653},"geometry":{"type":"Point","coordinates":[-71.4828,-34.4828]}},{"type":"Feature","properties":{"iso2_country":"CL","region_code":"06","region_name":"Libertador General Bernardo O'Higgins","region_abbr":"LGBO","province_code":"063","province_name":"Colchagua","commune_code":"06308","commune_name":"Placilla","lat_sex":"-34°37' 58''","lon_sex":"-71°7' 1''","surface":146.9,"population":8738,"density":59.5,"idh":0.621},"geometry":{"type":"Point","coordinates":[-71.1169,-34.6328]}},{"type":"Feature","properties":{"iso2_country":"CL","region_code":"06","region_name":"Libertador General Bernardo O'Higgins","region_abbr":"LGBO","province_code":"063","province_name":"Colchagua","commune_code":"06309","commune_name":"Pumanque","lat_sex":"-34°36' 18\"","lon_sex":"-71°38' 38''","surface":441,"population":3421,"density":7.76,"idh":0.635},"geometry":{"type":"Point","coordinates":[-71.6439,-34.605]}},{"type":"Feature","properties":{"iso2_country":"CL","region_code":"06","region_name":"Libertador General Bernardo O'Higgins","region_abbr":"LGBO","province_code":"063","province_name":"Colchagua","commune_code":"06310","commune_name":"Santa Cruz","lat_sex":"-34°37' 51''","lon_sex":"-71°21' 32''","surface":419.5,"population":37855,"density":90.2,"idh":0.719},"geometry":{"type":"Point","coordinates":[-71.3589,-34.6308]}},{"type":"Feature","properties":{"iso2_country":"CL","region_code":"07","region_name":"Maule","region_abbr":"MAULE","province_code":"071","province_name":"Talca","commune_code":"07101","commune_name":"Talca","lat_sex":"-35°25' 22''","lon_sex":"-71°39' 25''","surface":232,"population":220357,"density":949.8,"idh":0.731},"geometry":{"type":"Point","coordinates":[-71.6569,-35.4228]}},{"type":"Feature","properties":{"iso2_country":"CL","region_code":"07","region_name":"Maule","region_abbr":"MAULE","province_code":"071","province_name":"Talca","commune_code":"07102","commune_name":"Constitución","lat_sex":"-35°20' 20''","lon_sex":"-72°24' 50''","surface":1344,"population":46068,"density":34.3,"idh":0.715},"geometry":{"type":"Point","coordinates":[-72.4139,-35.3389]}},{"type":"Feature","properties":{"iso2_country":"CL","region_code":"07","region_name":"Maule","region_abbr":"MAULE","province_code":"071","province_name":"Talca","commune_code":"07103","commune_name":"Curepto","lat_sex":"-35°4' 58''","lon_sex":"-72°1' 1''","surface":1073.8,"population":9448,"density":8.8,"idh":0.644},"geometry":{"type":"Point","coordinates":[-72.0169,-35.0828]}},{"type":"Feature","properties":{"iso2_country":"CL","region_code":"07","region_name":"Maule","region_abbr":"MAULE","province_code":"071","province_name":"Talca","commune_code":"07104","commune_name":"Empedrado","lat_sex":"-35°35' 27''","lon_sex":"-72°16' 22''","surface":565,"population":4142,"density":7.33,"idh":0.637},"geometry":{"type":"Point","coordinates":[-72.2728,-35.5908]}},{"type":"Feature","properties":{"iso2_country":"CL","region_code":"07","region_name":"Maule","region_abbr":"MAULE","province_code":"071","province_name":"Talca","commune_code":"07105","commune_name":"Maule","lat_sex":"-35°30' 57''","lon_sex":"-71°34' 19''","surface":190,"population":49721,"density":261.7,"idh":0.681},"geometry":{"type":"Point","coordinates":[-71.5719,-35.5158]}},{"type":"Feature","properties":{"iso2_country":"CL","region_code":"07","region_name":"Maule","region_abbr":"MAULE","province_code":"071","province_name":"Talca","commune_code":"07106","commune_name":"Pelarco","lat_sex":"-35°22' 40''","lon_sex":"-71°26' 42\"","surface":332,"population":8422,"density":25.4,"idh":0.653},"geometry":{"type":"Point","coordinates":[-71.445,-35.3778]}},{"type":"Feature","properties":{"iso2_country":"CL","region_code":"07","region_name":"Maule","region_abbr":"MAULE","province_code":"071","province_name":"Talca","commune_code":"07107","commune_name":"Pencahue","lat_sex":"-35°23' 27''","lon_sex":"-71°47' 60\"","surface":956.8,"population":8245,"density":8.62,"idh":0.649},"geometry":{"type":"Point","coordinates":[-71.8167,-35.4]}},{"type":"Feature","properties":{"iso2_country":"CL","region_code":"07","region_name":"Maule","region_abbr":"MAULE","province_code":"071","province_name":"Talca","commune_code":"07108","commune_name":"Río Claro","lat_sex":"-35°13' 1''","lon_sex":"-71°15' 0\"","surface":431,"population":13906,"density":32.3,"idh":0.671},"geometry":{"type":"Point","coordinates":[-71.25,-35.2169]}},{"type":"Feature","properties":{"iso2_country":"CL","region_code":"07","region_name":"Maule","region_abbr":"MAULE","province_code":"071","province_name":"Talca","commune_code":"07109","commune_name":"San Clemente","lat_sex":"-35°32' 2''","lon_sex":"-71°29' 9''","surface":4504,"population":43269,"density":9.61,"idh":0.659},"geometry":{"type":"Point","coordinates":[-71.4858,-35.5339]}},{"type":"Feature","properties":{"iso2_country":"CL","region_code":"07","region_name":"Maule","region_abbr":"MAULE","province_code":"071","province_name":"Talca","commune_code":"07110","commune_name":"San Rafael","lat_sex":"-35°19' 1''","lon_sex":"-71°31' 58''","surface":263.5,"population":9191,"density":34.9,"idh":0.629},"geometry":{"type":"Point","coordinates":[-71.5328,-35.3169]}},{"type":"Feature","properties":{"iso2_country":"CL","region_code":"07","region_name":"Maule","region_abbr":"MAULE","province_code":"072","province_name":"Cauquenes","commune_code":"07201","commune_name":"Cauquenes","lat_sex":"-35°57' 50''","lon_sex":"-72°19' 1''","surface":2216,"population":40441,"density":18.3,"idh":0.656},"geometry":{"type":"Point","coordinates":[-72.3169,-35.9639]}},{"type":"Feature","properties":{"iso2_country":"CL","region_code":"07","region_name":"Maule","region_abbr":"MAULE","province_code":"072","province_name":"Cauquenes","commune_code":"07202","commune_name":"Chanco","lat_sex":"-35°43' 44''","lon_sex":"-72°31' 48\"","surface":530,"population":8928,"density":16.9,"idh":0.612},"geometry":{"type":"Point","coordinates":[-72.53,-35.7289]}},{"type":"Feature","properties":{"iso2_country":"CL","region_code":"07","region_name":"Maule","region_abbr":"MAULE","province_code":"072","province_name":"Cauquenes","commune_code":"07203","commune_name":"Pelluhue","lat_sex":"-35°48' 50''","lon_sex":"-72°34' 26''","surface":371,"population":7571,"density":20.4,"idh":0.694},"geometry":{"type":"Point","coordinates":[-72.5739,-35.8139]}},{"type":"Feature","properties":{"iso2_country":"CL","region_code":"07","region_name":"Maule","region_abbr":"MAULE","province_code":"073","province_name":"Curicó","commune_code":"07301","commune_name":"Curicó","lat_sex":"-34°58' 33''","lon_sex":"-71°13' 26''","surface":1328,"population":149136,"density":112.3,"idh":0.71},"geometry":{"type":"Point","coordinates":[-71.2239,-34.9758]}},{"type":"Feature","properties":{"iso2_country":"CL","region_code":"07","region_name":"Maule","region_abbr":"MAULE","province_code":"073","province_name":"Curicó","commune_code":"07302","commune_name":"Hualañé","lat_sex":"-34°58' 58''","lon_sex":"-71°49' 1''","surface":629,"population":9657,"density":15.4,"idh":0.631},"geometry":{"type":"Point","coordinates":[-71.8169,-34.9828]}},{"type":"Feature","properties":{"iso2_country":"CL","region_code":"07","region_name":"Maule","region_abbr":"MAULE","province_code":"073","province_name":"Curicó","commune_code":"07303","commune_name":"Licantén","lat_sex":"-34°58' 58''","lon_sex":"-72°0' 0\"","surface":273,"population":6653,"density":24.4,"idh":0.705},"geometry":{"type":"Point","coordinates":[-72,-34.9828]}},{"type":"Feature","properties":{"iso2_country":"CL","region_code":"07","region_name":"Maule","region_abbr":"MAULE","province_code":"073","province_name":"Curicó","commune_code":"07304","commune_name":"Molina","lat_sex":"-35°5' 24\"","lon_sex":"-71°16' 44''","surface":1552,"population":45976,"density":29.6,"idh":0.663},"geometry":{"type":"Point","coordinates":[-71.2789,-35.09]}},{"type":"Feature","properties":{"iso2_country":"CL","region_code":"07","region_name":"Maule","region_abbr":"MAULE","province_code":"073","province_name":"Curicó","commune_code":"07305","commune_name":"Rauco","lat_sex":"-34°55' 44''","lon_sex":"-71°18' 39''","surface":309,"population":10484,"density":33.9,"idh":0.659},"geometry":{"type":"Point","coordinates":[-71.3108,-34.9289]}},{"type":"Feature","properties":{"iso2_country":"CL","region_code":"07","region_name":"Maule","region_abbr":"MAULE","province_code":"073","province_name":"Curicó","commune_code":"07306","commune_name":"Romeral","lat_sex":"-34°58' 1''","lon_sex":"-71°7' 58''","surface":1597,"population":15187,"density":9.51,"idh":0.668},"geometry":{"type":"Point","coordinates":[-71.1328,-34.9669]}},{"type":"Feature","properties":{"iso2_country":"CL","region_code":"07","region_name":"Maule","region_abbr":"MAULE","province_code":"073","province_name":"Curicó","commune_code":"07307","commune_name":"Sagrada Familia","lat_sex":"-35°0' 0\"","lon_sex":"-71°22' 58''","surface":548.8,"population":18544,"density":33.8,"idh":0.672},"geometry":{"type":"Point","coordinates":[-71.3828,-35]}},{"type":"Feature","properties":{"iso2_country":"CL","region_code":"07","region_name":"Maule","region_abbr":"MAULE","province_code":"073","province_name":"Curicó","commune_code":"07308","commune_name":"Teno","lat_sex":"-34°52' 22''","lon_sex":"-71°9' 43''","surface":618.4,"population":28921,"density":46.8,"idh":0.648},"geometry":{"type":"Point","coordinates":[-71.1619,-34.8728]}},{"type":"Feature","properties":{"iso2_country":"CL","region_code":"07","region_name":"Maule","region_abbr":"MAULE","province_code":"073","province_name":"Curicó","commune_code":"07309","commune_name":"Vichuquén","lat_sex":"-34°49' 22''","lon_sex":"-72°2' 6\"","surface":426,"population":4322,"density":10.2,"idh":0.678},"geometry":{"type":"Point","coordinates":[-72.035,-34.8228]}},{"type":"Feature","properties":{"iso2_country":"CL","region_code":"07","region_name":"Maule","region_abbr":"MAULE","province_code":"074","province_name":"Linares","commune_code":"07401","commune_name":"Linares","lat_sex":"-35°51' 0\"","lon_sex":"-71°35' 6\"","surface":1466,"population":93602,"density":63.9,"idh":0.71},"geometry":{"type":"Point","coordinates":[-71.585,-35.85]}},{"type":"Feature","properties":{"iso2_country":"CL","region_code":"07","region_name":"Maule","region_abbr":"MAULE","province_code":"074","province_name":"Linares","commune_code":"07402","commune_name":"Colbún","lat_sex":"-35°42' 0\"","lon_sex":"-71°25' 1''","surface":2899.9,"population":20765,"density":7.16,"idh":0.638},"geometry":{"type":"Point","coordinates":[-71.4169,-35.7]}},{"type":"Feature","properties":{"iso2_country":"CL","region_code":"07","region_name":"Maule","region_abbr":"MAULE","province_code":"074","province_name":"Linares","commune_code":"07403","commune_name":"Longaví","lat_sex":"-35°57' 57''","lon_sex":"-71°40' 55''","surface":1454,"population":30534,"density":21,"idh":0.626},"geometry":{"type":"Point","coordinates":[-71.6819,-35.9658]}},{"type":"Feature","properties":{"iso2_country":"CL","region_code":"07","region_name":"Maule","region_abbr":"MAULE","province_code":"074","province_name":"Linares","commune_code":"07404","commune_name":"Parral","lat_sex":"-36°8' 49''","lon_sex":"-71°49' 19''","surface":1638,"population":41637,"density":25.4,"idh":0.656},"geometry":{"type":"Point","coordinates":[-71.8219,-36.1469]}},{"type":"Feature","properties":{"iso2_country":"CL","region_code":"07","region_name":"Maule","region_abbr":"MAULE","province_code":"074","province_name":"Linares","commune_code":"07405","commune_name":"Retiro","lat_sex":"-36°2' 45''","lon_sex":"-71°45' 32''","surface":827,"population":19974,"density":24.2,"idh":0.649},"geometry":{"type":"Point","coordinates":[-71.7589,-36.0458]}},{"type":"Feature","properties":{"iso2_country":"CL","region_code":"07","region_name":"Maule","region_abbr":"MAULE","province_code":"074","province_name":"Linares","commune_code":"07406","commune_name":"San Javier","lat_sex":"-35°2' 60\"","lon_sex":"-71°28' 1''","surface":1313,"population":45547,"density":34.7,"idh":0.654},"geometry":{"type":"Point","coordinates":[-71.75,-35.6]}},{"type":"Feature","properties":{"iso2_country":"CL","region_code":"07","region_name":"Maule","region_abbr":"MAULE","province_code":"074","province_name":"Linares","commune_code":"07407","commune_name":"Villa Alegre","lat_sex":"-35°39' 54\"","lon_sex":"-71°44' 31''","surface":190,"population":16221,"density":85.4,"idh":0.648},"geometry":{"type":"Point","coordinates":[-71.7419,-35.665]}},{"type":"Feature","properties":{"iso2_country":"CL","region_code":"07","region_name":"Maule","region_abbr":"MAULE","province_code":"074","province_name":"Linares","commune_code":"07408","commune_name":"Yerbas Buenas","lat_sex":"-35°45' 0\"","lon_sex":"-71°34' 58''","surface":262,"population":18081,"density":69,"idh":0.64},"geometry":{"type":"Point","coordinates":[-71.5828,-35.75]}},{"type":"Feature","properties":{"iso2_country":"CL","region_code":"08","region_name":"Biobío","region_abbr":"BBIO","province_code":"081","province_name":"Concepción","commune_code":"08101","commune_name":"Concepción","lat_sex":"-36°48' 54\"","lon_sex":"-73°1' 44''","surface":221.6,"population":223574,"density":1008.9,"idh":0.757},"geometry":{"type":"Point","coordinates":[-73.0289,-36.815]}},{"type":"Feature","properties":{"iso2_country":"CL","region_code":"08","region_name":"Biobío","region_abbr":"BBIO","province_code":"081","province_name":"Concepción","commune_code":"08102","commune_name":"Coronel","lat_sex":"-36°58' 55''","lon_sex":"-73°9' 25''","surface":279.4,"population":116262,"density":416.1,"idh":0.682},"geometry":{"type":"Point","coordinates":[-73.1569,-36.9819]}},{"type":"Feature","properties":{"iso2_country":"CL","region_code":"08","region_name":"Biobío","region_abbr":"BBIO","province_code":"081","province_name":"Concepción","commune_code":"08103","commune_name":"Chiguayante","lat_sex":"-36°54' 32''","lon_sex":"-73°1' 40''","surface":71.5,"population":85938,"density":1201.9,"idh":0.764},"geometry":{"type":"Point","coordinates":[-73.0278,-36.9089]}},{"type":"Feature","properties":{"iso2_country":"CL","region_code":"08","region_name":"Biobío","region_abbr":"BBIO","province_code":"081","province_name":"Concepción","commune_code":"08104","commune_name":"Florida","lat_sex":"-36°49' 15''","lon_sex":"-72°39' 43''","surface":608.6,"population":10624,"density":17.5,"idh":0.604},"geometry":{"type":"Point","coordinates":[-72.6619,-36.8208]}},{"type":"Feature","properties":{"iso2_country":"CL","region_code":"08","region_name":"Biobío","region_abbr":"BBIO","province_code":"081","province_name":"Concepción","commune_code":"08105","commune_name":"Hualqui","lat_sex":"-36°58' 1''","lon_sex":"-72°55' 58''","surface":530.5,"population":24333,"density":589.2,"idh":0.666},"geometry":{"type":"Point","coordinates":[-72.9328,-36.9669]}},{"type":"Feature","properties":{"iso2_country":"CL","region_code":"08","region_name":"Biobío","region_abbr":"BBIO","province_code":"081","province_name":"Concepción","commune_code":"08106","commune_name":"Lota","lat_sex":"-37°5' 20''","lon_sex":"-73°9' 18\"","surface":135.8,"population":43535,"density":320.6,"idh":0.643},"geometry":{"type":"Point","coordinates":[-73.155,-37.0889]}},{"type":"Feature","properties":{"iso2_country":"CL","region_code":"08","region_name":"Biobío","region_abbr":"BBIO","province_code":"081","province_name":"Concepción","commune_code":"08107","commune_name":"Penco","lat_sex":"-36°44' 31''","lon_sex":"-72°59' 52''","surface":107.6,"population":47367,"density":440.2,"idh":0.689},"geometry":{"type":"Point","coordinates":[-72.9978,-36.7419]}},{"type":"Feature","properties":{"iso2_country":"CL","region_code":"08","region_name":"Biobío","region_abbr":"BBIO","province_code":"081","province_name":"Concepción","commune_code":"08108","commune_name":"San Pedro de la Paz","lat_sex":"-36°51' 50''","lon_sex":"-73°6' 28''","surface":112.5,"population":131808,"density":1171.6,"idh":0.787},"geometry":{"type":"Point","coordinates":[-73.1078,-36.8639]}},{"type":"Feature","properties":{"iso2_country":"CL","region_code":"08","region_name":"Biobío","region_abbr":"BBIO","province_code":"081","province_name":"Concepción","commune_code":"08109","commune_name":"Santa Juana","lat_sex":"-37°10' 45''","lon_sex":"-72°56' 7''","surface":731.2,"population":13749,"density":18.8,"idh":0.626},"geometry":{"type":"Point","coordinates":[-72.9353,-37.1792]}},{"type":"Feature","properties":{"iso2_country":"CL","region_code":"08","region_name":"Biobío","region_abbr":"BBIO","province_code":"081","province_name":"Concepción","commune_code":"08110","commune_name":"Talcahuano","lat_sex":"-36°44' 9''","lon_sex":"-73°6' 18\"","surface":92.3,"population":151749,"density":1644.1,"idh":0.731},"geometry":{"type":"Point","coordinates":[-73.105,-36.7358]}},{"type":"Feature","properties":{"iso2_country":"CL","region_code":"08","region_name":"Biobío","region_abbr":"BBIO","province_code":"081","province_name":"Concepción","commune_code":"08111","commune_name":"Tomé","lat_sex":"-36°37' 26''","lon_sex":"-72°57' 0\"","surface":494.5,"population":54946,"density":111.1,"idh":0.668},"geometry":{"type":"Point","coordinates":[-72.95,-36.6239]}},{"type":"Feature","properties":{"iso2_country":"CL","region_code":"08","region_name":"Biobío","region_abbr":"BBIO","province_code":"081","province_name":"Concepción","commune_code":"08112","commune_name":"Hualpén","lat_sex":"-36°47' 20''","lon_sex":"-73°6' 36\"","surface":53.5,"population":91773,"density":1715.4},"geometry":{"type":"Point","coordinates":[-73.11,-36.7889]}},{"type":"Feature","properties":{"iso2_country":"CL","region_code":"08","region_name":"Biobío","region_abbr":"BBIO","province_code":"082","province_name":"Arauco","commune_code":"08201","commune_name":"Lebu","lat_sex":"-37°36' 21''","lon_sex":"-73°38' 34''","surface":561.4,"population":25522,"density":45.5,"idh":0.633},"geometry":{"type":"Point","coordinates":[-73.6428,-37.6058]}},{"type":"Feature","properties":{"iso2_country":"CL","region_code":"08","region_name":"Biobío","region_abbr":"BBIO","province_code":"082","province_name":"Arauco","commune_code":"08202","commune_name":"Arauco","lat_sex":"-37°15' 25''","lon_sex":"-73°17' 2''","surface":956.1,"population":36257,"density":37.9,"idh":0.704},"geometry":{"type":"Point","coordinates":[-73.2839,-37.2569]}},{"type":"Feature","properties":{"iso2_country":"CL","region_code":"08","region_name":"Biobío","region_abbr":"BBIO","province_code":"082","province_name":"Arauco","commune_code":"08203","commune_name":"Cañete","lat_sex":"-35°16' 58''","lon_sex":"-72°13' 58''","surface":1089.2,"population":34537,"density":31.7,"idh":0.641},"geometry":{"type":"Point","coordinates":[-72.2328,-35.2828]}},{"type":"Feature","properties":{"iso2_country":"CL","region_code":"08","region_name":"Biobío","region_abbr":"BBIO","province_code":"082","province_name":"Arauco","commune_code":"08204","commune_name":"Contulmo","lat_sex":"-38°0' 18\"","lon_sex":"-73°13' 30\"","surface":638.8,"population":6031,"density":9.44,"idh":0.603},"geometry":{"type":"Point","coordinates":[-73.225,-38.005]}},{"type":"Feature","properties":{"iso2_country":"CL","region_code":"08","region_name":"Biobío","region_abbr":"BBIO","province_code":"082","province_name":"Arauco","commune_code":"08205","commune_name":"Curanilahue","lat_sex":"-37°28' 19''","lon_sex":"-73°20' 52''","surface":994.3,"population":32288,"density":32.5,"idh":0.643},"geometry":{"type":"Point","coordinates":[-73.3478,-37.4719]}},{"type":"Feature","properties":{"iso2_country":"CL","region_code":"08","region_name":"Biobío","region_abbr":"BBIO","province_code":"082","province_name":"Arauco","commune_code":"08206","commune_name":"Los Alamos","lat_sex":"-37°37' 15''","lon_sex":"-73°27' 21''","surface":599.1,"population":21035,"density":35.1,"idh":0.645},"geometry":{"type":"Point","coordinates":[-73.4558,-37.6208]}},{"type":"Feature","properties":{"iso2_country":"CL","region_code":"08","region_name":"Biobío","region_abbr":"BBIO","province_code":"082","province_name":"Arauco","commune_code":"08207","commune_name":"Tirúa","lat_sex":"-38°20' 20''","lon_sex":"-73°29' 2''","surface":624.4,"population":10417,"density":16.7,"idh":0.584},"geometry":{"type":"Point","coordinates":[-73.4839,-38.3389]}},{"type":"Feature","properties":{"iso2_country":"CL","region_code":"08","region_name":"Biobío","region_abbr":"BBIO","province_code":"083","province_name":"Biobío","commune_code":"08301","commune_name":"Los Angeles","lat_sex":"-36°56' 38''","lon_sex":"-72°21' 3''","surface":1748.2,"population":202331,"density":115.7,"idh":0.696},"geometry":{"type":"Point","coordinates":[-72.3508,-36.9439]}},{"type":"Feature","properties":{"iso2_country":"CL","region_code":"08","region_name":"Biobío","region_abbr":"BBIO","province_code":"083","province_name":"Biobío","commune_code":"08302","commune_name":"Antuco","lat_sex":"-37°19' 37''","lon_sex":"-71°40' 40''","surface":1884.1,"population":4073,"density":2.16,"idh":0.662},"geometry":{"type":"Point","coordinates":[-71.6778,-37.3269]}},{"type":"Feature","properties":{"iso2_country":"CL","region_code":"08","region_name":"Biobío","region_abbr":"BBIO","province_code":"083","province_name":"Biobío","commune_code":"08303","commune_name":"Cabrero","lat_sex":"-37°2' 20''","lon_sex":"-72°23' 56''","surface":639.8,"population":28573,"density":44.7,"idh":0.635},"geometry":{"type":"Point","coordinates":[-72.3989,-37.0389]}},{"type":"Feature","properties":{"iso2_country":"CL","region_code":"08","region_name":"Biobío","region_abbr":"BBIO","province_code":"083","province_name":"Biobío","commune_code":"08304","commune_name":"Laja","lat_sex":"-37°16' 1''","lon_sex":"-72°42' 0\"","surface":339.8,"population":22389,"density":65.9,"idh":0.665},"geometry":{"type":"Point","coordinates":[-72.7,-37.2669]}},{"type":"Feature","properties":{"iso2_country":"CL","region_code":"08","region_name":"Biobío","region_abbr":"BBIO","province_code":"083","province_name":"Biobío","commune_code":"08305","commune_name":"Mulchén","lat_sex":"-37°42' 54\"","lon_sex":"-72°14' 20''","surface":1925.3,"population":29627,"density":15.4,"idh":0.639},"geometry":{"type":"Point","coordinates":[-72.2389,-37.715]}},{"type":"Feature","properties":{"iso2_country":"CL","region_code":"08","region_name":"Biobío","region_abbr":"BBIO","province_code":"083","province_name":"Biobío","commune_code":"08306","commune_name":"Nacimiento","lat_sex":"-37°30' 3''","lon_sex":"-72°40' 33''","surface":934.9,"population":26315,"density":28.2,"idh":0.656},"geometry":{"type":"Point","coordinates":[-72.6758,-37.5008]}},{"type":"Feature","properties":{"iso2_country":"CL","region_code":"08","region_name":"Biobío","region_abbr":"BBIO","province_code":"083","province_name":"Biobío","commune_code":"08307","commune_name":"Negrete","lat_sex":"-37°34' 58''","lon_sex":"-72°31' 1''","surface":156.5,"population":9737,"density":62.2,"idh":0.629},"geometry":{"type":"Point","coordinates":[-72.5169,-37.5828]}},{"type":"Feature","properties":{"iso2_country":"CL","region_code":"08","region_name":"Biobío","region_abbr":"BBIO","province_code":"083","province_name":"Biobío","commune_code":"08308","commune_name":"Quilaco","lat_sex":"-37°40' 48\"","lon_sex":"-72°0' 25''","surface":1123.7,"population":3988,"density":3.55,"idh":0.635},"geometry":{"type":"Point","coordinates":[-72.0069,-37.68]}},{"type":"Feature","properties":{"iso2_country":"CL","region_code":"08","region_name":"Biobío","region_abbr":"BBIO","province_code":"083","province_name":"Biobío","commune_code":"08309","commune_name":"Quilleco","lat_sex":"-37°28' 1''","lon_sex":"-71°58' 1''","surface":1121.8,"population":9587,"density":8.55,"idh":0.641},"geometry":{"type":"Point","coordinates":[-71.9669,-37.4669]}},{"type":"Feature","properties":{"iso2_country":"CL","region_code":"08","region_name":"Biobío","region_abbr":"BBIO","province_code":"083","province_name":"Biobío","commune_code":"08310","commune_name":"San Rosendo","lat_sex":"-37°15' 28''","lon_sex":"-72°42' 57''","surface":92.4,"population":3412,"density":36.9,"idh":0.647},"geometry":{"type":"Point","coordinates":[-72.7158,-37.2578]}},{"type":"Feature","properties":{"iso2_country":"CL","region_code":"08","region_name":"Biobío","region_abbr":"BBIO","province_code":"083","province_name":"Biobío","commune_code":"08311","commune_name":"Santa Bárbara","lat_sex":"-37°39' 46''","lon_sex":"-72°1' 4''","surface":1254.9,"population":13773,"density":10.9,"idh":0.637},"geometry":{"type":"Point","coordinates":[-72.0178,-37.6628]}},{"type":"Feature","properties":{"iso2_country":"CL","region_code":"08","region_name":"Biobío","region_abbr":"BBIO","province_code":"083","province_name":"Biobío","commune_code":"08312","commune_name":"Tucapel","lat_sex":"-37°37' 58''","lon_sex":"-73°19' 58''","surface":914.9,"population":14134,"density":15.5,"idh":0.655},"geometry":{"type":"Point","coordinates":[-73.3328,-37.6328]}},{"type":"Feature","properties":{"iso2_country":"CL","region_code":"08","region_name":"Biobío","region_abbr":"BBIO","province_code":"083","province_name":"Biobío","commune_code":"08313","commune_name":"Yumbel","lat_sex":"-37°5' 45''","lon_sex":"-72°33' 21''","surface":727,"population":21198,"density":29.2,"idh":0.597},"geometry":{"type":"Point","coordinates":[-72.5558,-37.0958]}},{"type":"Feature","properties":{"iso2_country":"CL","region_code":"08","region_name":"Biobío","region_abbr":"BBIO","province_code":"083","province_name":"Biobío","commune_code":"08314","commune_name":"Alto Biobío","lat_sex":"-38°37' 8''","lon_sex":"-71°19' 27''","surface":2124.6,"population":5923,"density":2.79},"geometry":{"type":"Point","coordinates":[-71.3242,-38.6189]}},{"type":"Feature","properties":{"iso2_country":"CL","region_code":"09","region_name":"La Araucanía","region_abbr":"ARAUC","province_code":"091","province_name":"Cautín","commune_code":"09101","commune_name":"Temuco","lat_sex":"-38°43' 37''","lon_sex":"-72°35' 56''","surface":464,"population":282415,"density":608.7,"idh":0.763},"geometry":{"type":"Point","coordinates":[-72.5989,-38.7269]}},{"type":"Feature","properties":{"iso2_country":"CL","region_code":"09","region_name":"La Araucanía","region_abbr":"ARAUC","province_code":"091","province_name":"Cautín","commune_code":"09102","commune_name":"Carahue","lat_sex":"-38°42' 25''","lon_sex":"-73°9' 36\"","surface":1340.6,"population":24533,"density":18.3,"idh":0.604},"geometry":{"type":"Point","coordinates":[-73.16,-38.7069]}},{"type":"Feature","properties":{"iso2_country":"CL","region_code":"09","region_name":"La Araucanía","region_abbr":"ARAUC","province_code":"091","province_name":"Cautín","commune_code":"09103","commune_name":"Cunco","lat_sex":"-38°55' 48\"","lon_sex":"-72°1' 37''","surface":1906.5,"population":17526,"density":9.19,"idh":0.659},"geometry":{"type":"Point","coordinates":[-72.0269,-38.93]}},{"type":"Feature","properties":{"iso2_country":"CL","region_code":"09","region_name":"La Araucanía","region_abbr":"ARAUC","province_code":"091","province_name":"Cautín","commune_code":"09104","commune_name":"Curarrehue","lat_sex":"-39°21' 32''","lon_sex":"-71°35' 16''","surface":1170.7,"population":7489,"density":6.4,"idh":0.603},"geometry":{"type":"Point","coordinates":[-71.5878,-39.3589]}},{"type":"Feature","properties":{"iso2_country":"CL","region_code":"09","region_name":"La Araucanía","region_abbr":"ARAUC","province_code":"091","province_name":"Cautín","commune_code":"09105","commune_name":"Freire","lat_sex":"-38°57' 14''","lon_sex":"-72°37' 19''","surface":935.2,"population":24606,"density":26.3,"idh":0.614},"geometry":{"type":"Point","coordinates":[-72.6219,-38.9539]}},{"type":"Feature","properties":{"iso2_country":"CL","region_code":"09","region_name":"La Araucanía","region_abbr":"ARAUC","province_code":"091","province_name":"Cautín","commune_code":"09106","commune_name":"Galvarino","lat_sex":"-38°23' 60\"","lon_sex":"-72°46' 58''","surface":568.2,"population":11996,"density":21.1,"idh":0.611},"geometry":{"type":"Point","coordinates":[-72.7833,-38.4]}},{"type":"Feature","properties":{"iso2_country":"CL","region_code":"09","region_name":"La Araucanía","region_abbr":"ARAUC","province_code":"091","province_name":"Cautín","commune_code":"09107","commune_name":"Gorbea","lat_sex":"-39°5' 42\"","lon_sex":"-72°40' 19''","surface":694.5,"population":14414,"density":20.8,"idh":0.644},"geometry":{"type":"Point","coordinates":[-72.6719,-39.095]}},{"type":"Feature","properties":{"iso2_country":"CL","region_code":"09","region_name":"La Araucanía","region_abbr":"ARAUC","province_code":"091","province_name":"Cautín","commune_code":"09108","commune_name":"Lautaro","lat_sex":"-38°31' 44''","lon_sex":"-72°25' 37''","surface":901.1,"population":38013,"density":42.2,"idh":0.669},"geometry":{"type":"Point","coordinates":[-72.4269,-38.5289]}},{"type":"Feature","properties":{"iso2_country":"CL","region_code":"09","region_name":"La Araucanía","region_abbr":"ARAUC","province_code":"091","province_name":"Cautín","commune_code":"09109","commune_name":"Loncoche","lat_sex":"-39°21' 14''","lon_sex":"-72°37' 40''","surface":976.8,"population":23612,"density":24.2,"idh":0.652},"geometry":{"type":"Point","coordinates":[-72.6278,-39.3539]}},{"type":"Feature","properties":{"iso2_country":"CL","region_code":"09","region_name":"La Araucanía","region_abbr":"ARAUC","province_code":"091","province_name":"Cautín","commune_code":"09110","commune_name":"Melipeuco","lat_sex":"-38°50' 34''","lon_sex":"-71°41' 13''","surface":1107.3,"population":6138,"density":5.54,"idh":0.629},"geometry":{"type":"Point","coordinates":[-71.6869,-38.8428]}},{"type":"Feature","properties":{"iso2_country":"CL","region_code":"09","region_name":"La Araucanía","region_abbr":"ARAUC","province_code":"091","province_name":"Cautín","commune_code":"09111","commune_name":"Nueva Imperial","lat_sex":"-38°44' 42\"","lon_sex":"-72°57' 0\"","surface":732.5,"population":32510,"density":44.4,"idh":0.629},"geometry":{"type":"Point","coordinates":[-72.95,-38.745]}},{"type":"Feature","properties":{"iso2_country":"CL","region_code":"09","region_name":"La Araucanía","region_abbr":"ARAUC","province_code":"091","province_name":"Cautín","commune_code":"09112","commune_name":"Padre Las Casas","lat_sex":"-38°45' 57''","lon_sex":"-72°35' 34''","surface":400.7,"population":76,"density":190,"idh":0.662},"geometry":{"type":"Point","coordinates":[-72.5928,-38.7658]}},{"type":"Feature","properties":{"iso2_country":"CL","region_code":"09","region_name":"La Araucanía","region_abbr":"ARAUC","province_code":"091","province_name":"Cautín","commune_code":"09113","commune_name":"Perquenco","lat_sex":"-38°25' 1''","lon_sex":"-72°22' 58''","surface":330.7,"population":6905,"density":20.9,"idh":0.63},"geometry":{"type":"Point","coordinates":[-72.3828,-38.4169]}},{"type":"Feature","properties":{"iso2_country":"CL","region_code":"09","region_name":"La Araucanía","region_abbr":"ARAUC","province_code":"091","province_name":"Cautín","commune_code":"09114","commune_name":"Pitrufquén","lat_sex":"-38°58' 58''","lon_sex":"-72°38' 34''","surface":580.7,"population":24837,"density":42.8,"idh":0.663},"geometry":{"type":"Point","coordinates":[-72.6428,-38.9828]}},{"type":"Feature","properties":{"iso2_country":"CL","region_code":"09","region_name":"La Araucanía","region_abbr":"ARAUC","province_code":"091","province_name":"Cautín","commune_code":"09115","commune_name":"Pucón","lat_sex":"-39°16' 55''","lon_sex":"-71°57' 14''","surface":1248.5,"population":28523,"density":22.8,"idh":0.767},"geometry":{"type":"Point","coordinates":[-71.9539,-39.2819]}},{"type":"Feature","properties":{"iso2_country":"CL","region_code":"09","region_name":"La Araucanía","region_abbr":"ARAUC","province_code":"091","province_name":"Cautín","commune_code":"09116","commune_name":"Saavedra","lat_sex":"-38°46' 58''","lon_sex":"-73°24' 0\"","surface":400.8,"population":12450,"density":31.1,"idh":0.574},"geometry":{"type":"Point","coordinates":[-73.4,-38.7828]}},{"type":"Feature","properties":{"iso2_country":"CL","region_code":"09","region_name":"La Araucanía","region_abbr":"ARAUC","province_code":"091","province_name":"Cautín","commune_code":"09117","commune_name":"Teodoro Schmidt","lat_sex":"-38°58' 1''","lon_sex":"-73°2' 60\"","surface":649.9,"population":15045,"density":23.2,"idh":0.607},"geometry":{"type":"Point","coordinates":[-73.05,-38.9667]}},{"type":"Feature","properties":{"iso2_country":"CL","region_code":"09","region_name":"La Araucanía","region_abbr":"ARAUC","province_code":"091","province_name":"Cautín","commune_code":"09118","commune_name":"Toltén","lat_sex":"-39°13' 1''","lon_sex":"-73°13' 1''","surface":860.4,"population":9722,"density":11.3,"idh":0.617},"geometry":{"type":"Point","coordinates":[-73.2169,-39.2169]}},{"type":"Feature","properties":{"iso2_country":"CL","region_code":"09","region_name":"La Araucanía","region_abbr":"ARAUC","province_code":"091","province_name":"Cautín","commune_code":"09119","commune_name":"Vilcún","lat_sex":"-38°38' 60\"","lon_sex":"-72°13' 58''","surface":1420.9,"population":28151,"density":19.8,"idh":0.643},"geometry":{"type":"Point","coordinates":[-72.3794,-39.1167]}},{"type":"Feature","properties":{"iso2_country":"CL","region_code":"09","region_name":"La Araucanía","region_abbr":"ARAUC","province_code":"091","province_name":"Cautín","commune_code":"09120","commune_name":"Villarrica","lat_sex":"-39°16' 48\"","lon_sex":"-72°13' 4''","surface":1291.1,"population":55478,"density":43,"idh":0.698},"geometry":{"type":"Point","coordinates":[-72.2178,-39.28]}},{"type":"Feature","properties":{"iso2_country":"CL","region_code":"09","region_name":"La Araucanía","region_abbr":"ARAUC","province_code":"091","province_name":"Cautín","commune_code":"09121","commune_name":"Cholchol","lat_sex":"-38°36' 0\"","lon_sex":"-72°50' 60\"","surface":427.9,"population":11611,"density":27.1},"geometry":{"type":"Point","coordinates":[-72.85,-38.6]}},{"type":"Feature","properties":{"iso2_country":"CL","region_code":"09","region_name":"La Araucanía","region_abbr":"ARAUC","province_code":"092","province_name":"Malleco","commune_code":"09201","commune_name":"Angol","lat_sex":"-37°48' 10''","lon_sex":"-72°42' 7''","surface":1194.4,"population":53262,"density":44.6,"idh":0.707},"geometry":{"type":"Point","coordinates":[-72.7019,-37.8028]}},{"type":"Feature","properties":{"iso2_country":"CL","region_code":"09","region_name":"La Araucanía","region_abbr":"ARAUC","province_code":"092","province_name":"Malleco","commune_code":"09202","commune_name":"Collipulli","lat_sex":"-37°57' 10''","lon_sex":"-72°25' 55''","surface":1295.9,"population":24598,"density":19,"idh":0.633},"geometry":{"type":"Point","coordinates":[-72.4319,-37.9528]}},{"type":"Feature","properties":{"iso2_country":"CL","region_code":"09","region_name":"La Araucanía","region_abbr":"ARAUC","province_code":"092","province_name":"Malleco","commune_code":"09203","commune_name":"Curacautín","lat_sex":"-38°25' 55''","lon_sex":"-71°53' 24\"","surface":1664,"population":17413,"density":10.5,"idh":0.657},"geometry":{"type":"Point","coordinates":[-71.89,-38.4319]}},{"type":"Feature","properties":{"iso2_country":"CL","region_code":"09","region_name":"La Araucanía","region_abbr":"ARAUC","province_code":"092","province_name":"Malleco","commune_code":"09204","commune_name":"Ercilla","lat_sex":"-38°2' 60\"","lon_sex":"-72°22' 58''","surface":499.7,"population":7733,"density":15.5,"idh":0.609},"geometry":{"type":"Point","coordinates":[-72.3833,-38.05]}},{"type":"Feature","properties":{"iso2_country":"CL","region_code":"09","region_name":"La Araucanía","region_abbr":"ARAUC","province_code":"092","province_name":"Malleco","commune_code":"09205","commune_name":"Lonquimay","lat_sex":"-38°25' 58''","lon_sex":"-71°13' 58''","surface":3914.2,"population":10251,"density":2.62,"idh":0.629},"geometry":{"type":"Point","coordinates":[-71.2328,-38.4328]}},{"type":"Feature","properties":{"iso2_country":"CL","region_code":"09","region_name":"La Araucanía","region_abbr":"ARAUC","province_code":"092","province_name":"Malleco","commune_code":"09206","commune_name":"Los Sauces","lat_sex":"-37°58' 1''","lon_sex":"-72°49' 58''","surface":849.8,"population":7265,"density":8.55,"idh":0.602},"geometry":{"type":"Point","coordinates":[-72.8328,-37.9669]}},{"type":"Feature","properties":{"iso2_country":"CL","region_code":"09","region_name":"La Araucanía","region_abbr":"ARAUC","province_code":"092","province_name":"Malleco","commune_code":"09207","commune_name":"Lumaco","lat_sex":"-38°9' 46''","lon_sex":"-72°54' 14''","surface":1119,"population":9548,"density":8.53,"idh":0.603},"geometry":{"type":"Point","coordinates":[-72.9039,-38.1628]}},{"type":"Feature","properties":{"iso2_country":"CL","region_code":"09","region_name":"La Araucanía","region_abbr":"ARAUC","province_code":"092","province_name":"Malleco","commune_code":"09208","commune_name":"Purén","lat_sex":"-38°1' 19''","lon_sex":"-73°4' 12\"","surface":464.9,"population":11779,"density":25.3,"idh":0.594},"geometry":{"type":"Point","coordinates":[-73.07,-38.0219]}},{"type":"Feature","properties":{"iso2_country":"CL","region_code":"09","region_name":"La Araucanía","region_abbr":"ARAUC","province_code":"092","province_name":"Malleco","commune_code":"09209","commune_name":"Renaico","lat_sex":"-37°40' 1''","lon_sex":"-72°34' 58''","surface":267.4,"population":10250,"density":38.3,"idh":0.615},"geometry":{"type":"Point","coordinates":[-72.5828,-37.6669]}},{"type":"Feature","properties":{"iso2_country":"CL","region_code":"09","region_name":"La Araucanía","region_abbr":"ARAUC","province_code":"092","province_name":"Malleco","commune_code":"09210","commune_name":"Traiguén","lat_sex":"-38°14' 52''","lon_sex":"-72°40' 30\"","surface":908,"population":18843,"density":20.8,"idh":0.657},"geometry":{"type":"Point","coordinates":[-72.675,-38.2478]}},{"type":"Feature","properties":{"iso2_country":"CL","region_code":"09","region_name":"La Araucanía","region_abbr":"ARAUC","province_code":"092","province_name":"Malleco","commune_code":"09211","commune_name":"Victoria","lat_sex":"-38°13' 48\"","lon_sex":"-72°20' 34''","surface":1256,"population":34182,"density":27.2,"idh":0.686},"geometry":{"type":"Point","coordinates":[-72.3428,-38.23]}},{"type":"Feature","properties":{"iso2_country":"CL","region_code":"10","region_name":"Los Lagos","region_abbr":"LAGOS","province_code":"101","province_name":"Llanquihue","commune_code":"10101","commune_name":"Puerto Montt","lat_sex":"-41°27' 14''","lon_sex":"-72°59' 34''","surface":1673,"population":245902,"density":147,"idh":0.718},"geometry":{"type":"Point","coordinates":[-72.9928,-41.4539]}},{"type":"Feature","properties":{"iso2_country":"CL","region_code":"10","region_name":"Los Lagos","region_abbr":"LAGOS","province_code":"101","province_name":"Llanquihue","commune_code":"10102","commune_name":"Calbuco","lat_sex":"-41°45' 28''","lon_sex":"-73°9' 3''","surface":590.8,"population":33985,"density":57.5,"idh":0.642},"geometry":{"type":"Point","coordinates":[-73.1508,-41.7578]}},{"type":"Feature","properties":{"iso2_country":"CL","region_code":"10","region_name":"Los Lagos","region_abbr":"LAGOS","province_code":"101","province_name":"Llanquihue","commune_code":"10103","commune_name":"Cochamó","lat_sex":"-41°30' 0\"","lon_sex":"-72°19' 1''","surface":3910.8,"population":4023,"density":1.03,"idh":0.69},"geometry":{"type":"Point","coordinates":[-72.3169,-41.5]}},{"type":"Feature","properties":{"iso2_country":"CL","region_code":"10","region_name":"Los Lagos","region_abbr":"LAGOS","province_code":"101","province_name":"Llanquihue","commune_code":"10104","commune_name":"Fresia","lat_sex":"-41°9' 10''","lon_sex":"-73°25' 12\"","surface":1278.1,"population":12261,"density":9.59,"idh":0.657},"geometry":{"type":"Point","coordinates":[-73.42,-41.1528]}},{"type":"Feature","properties":{"iso2_country":"CL","region_code":"10","region_name":"Los Lagos","region_abbr":"LAGOS","province_code":"101","province_name":"Llanquihue","commune_code":"10105","commune_name":"Frutillar","lat_sex":"-41°7' 1''","lon_sex":"-73°5' 60\"","surface":831.4,"population":18428,"density":22.2,"idh":0.669},"geometry":{"type":"Point","coordinates":[-73.1,-41.1167]}},{"type":"Feature","properties":{"iso2_country":"CL","region_code":"10","region_name":"Los Lagos","region_abbr":"LAGOS","province_code":"101","province_name":"Llanquihue","commune_code":"10106","commune_name":"Los Muermos","lat_sex":"-41°23' 27''","lon_sex":"-73°27' 54\"","surface":1245.8,"population":17068,"density":13.7,"idh":0.648},"geometry":{"type":"Point","coordinates":[-73.465,-41.3908]}},{"type":"Feature","properties":{"iso2_country":"CL","region_code":"10","region_name":"Los Lagos","region_abbr":"LAGOS","province_code":"101","province_name":"Llanquihue","commune_code":"10107","commune_name":"Llanquihue","lat_sex":"-41°15' 57''","lon_sex":"-73°0' 43''","surface":420.8,"population":17591,"density":41.8,"idh":0.695},"geometry":{"type":"Point","coordinates":[-73.0119,-41.2658]}},{"type":"Feature","properties":{"iso2_country":"CL","region_code":"10","region_name":"Los Lagos","region_abbr":"LAGOS","province_code":"101","province_name":"Llanquihue","commune_code":"10108","commune_name":"Maullín","lat_sex":"-41°37' 4''","lon_sex":"-73°35' 52''","surface":860.8,"population":14216,"density":16.5,"idh":0.691},"geometry":{"type":"Point","coordinates":[-73.5978,-41.6178]}},{"type":"Feature","properties":{"iso2_country":"CL","region_code":"10","region_name":"Los Lagos","region_abbr":"LAGOS","province_code":"101","province_name":"Llanquihue","commune_code":"10109","commune_name":"Puerto Varas","lat_sex":"-41°19' 22''","lon_sex":"-72°58' 12\"","surface":4064.9,"population":44578,"density":11,"idh":0.748},"geometry":{"type":"Point","coordinates":[-72.97,-41.3228]}},{"type":"Feature","properties":{"iso2_country":"CL","region_code":"10","region_name":"Los Lagos","region_abbr":"LAGOS","province_code":"102","province_name":"Chiloé","commune_code":"10201","commune_name":"Castro","lat_sex":"-42°28' 40''","lon_sex":"-73°46' 44''","surface":472.5,"population":43807,"density":92.7,"idh":0.72},"geometry":{"type":"Point","coordinates":[-73.7789,-42.4778]}},{"type":"Feature","properties":{"iso2_country":"CL","region_code":"10","region_name":"Los Lagos","region_abbr":"LAGOS","province_code":"102","province_name":"Chiloé","commune_code":"10202","commune_name":"Ancud","lat_sex":"-41°52' 37''","lon_sex":"-73°48' 50''","surface":1752.4,"population":38991,"density":22.3,"idh":0.705},"geometry":{"type":"Point","coordinates":[-73.8139,-41.8769]}},{"type":"Feature","properties":{"iso2_country":"CL","region_code":"10","region_name":"Los Lagos","region_abbr":"LAGOS","province_code":"102","province_name":"Chiloé","commune_code":"10203","commune_name":"Chonchi","lat_sex":"-42°37' 33''","lon_sex":"-73°46' 51''","surface":1362.1,"population":14858,"density":10.9,"idh":0.641},"geometry":{"type":"Point","coordinates":[-73.7808,-42.6258]}},{"type":"Feature","properties":{"iso2_country":"CL","region_code":"10","region_name":"Los Lagos","region_abbr":"LAGOS","province_code":"102","province_name":"Chiloé","commune_code":"10204","commune_name":"Curaco de Vélez","lat_sex":"-42°26' 2''","lon_sex":"-73°34' 55''","surface":80,"population":3829,"density":47.9,"idh":0.702},"geometry":{"type":"Point","coordinates":[-73.5819,-42.4339]}},{"type":"Feature","properties":{"iso2_country":"CL","region_code":"10","region_name":"Los Lagos","region_abbr":"LAGOS","province_code":"102","province_name":"Chiloé","commune_code":"10205","commune_name":"Dalcahue","lat_sex":"-42°22' 26''","lon_sex":"-73°39' 3''","surface":1239.4,"population":13762,"density":11.1,"idh":0.69},"geometry":{"type":"Point","coordinates":[-73.6508,-42.3739]}},{"type":"Feature","properties":{"iso2_country":"CL","region_code":"10","region_name":"Los Lagos","region_abbr":"LAGOS","province_code":"102","province_name":"Chiloé","commune_code":"10206","commune_name":"Puqueldón","lat_sex":"-42°36' 14''","lon_sex":"-73°41' 2''","surface":97.3,"population":3921,"density":40.3,"idh":0.628},"geometry":{"type":"Point","coordinates":[-73.6839,-42.6039]}},{"type":"Feature","properties":{"iso2_country":"CL","region_code":"10","region_name":"Los Lagos","region_abbr":"LAGOS","province_code":"102","province_name":"Chiloé","commune_code":"10207","commune_name":"Queilén","lat_sex":"-42°52' 26''","lon_sex":"-73°28' 12\"","surface":332.9,"population":5385,"density":16.2,"idh":0.646},"geometry":{"type":"Point","coordinates":[-73.47,-42.8739]}},{"type":"Feature","properties":{"iso2_country":"CL","region_code":"10","region_name":"Los Lagos","region_abbr":"LAGOS","province_code":"102","province_name":"Chiloé","commune_code":"10208","commune_name":"Quellón","lat_sex":"-43°7' 15''","lon_sex":"-73°36' 28''","surface":3244,"population":27192,"density":8.38,"idh":0.67},"geometry":{"type":"Point","coordinates":[-73.6078,-43.1208]}},{"type":"Feature","properties":{"iso2_country":"CL","region_code":"10","region_name":"Los Lagos","region_abbr":"LAGOS","province_code":"102","province_name":"Chiloé","commune_code":"10209","commune_name":"Quemchi","lat_sex":"-42°8' 31''","lon_sex":"-73°28' 40''","surface":440.3,"population":8352,"density":19,"idh":0.656},"geometry":{"type":"Point","coordinates":[-73.4778,-42.1419]}},{"type":"Feature","properties":{"iso2_country":"CL","region_code":"10","region_name":"Los Lagos","region_abbr":"LAGOS","province_code":"102","province_name":"Chiloé","commune_code":"10210","commune_name":"Quinchao","lat_sex":"-42°28' 44''","lon_sex":"-73°29' 49''","surface":160.7,"population":8088,"density":50.3,"idh":0.648},"geometry":{"type":"Point","coordinates":[-73.4969,-42.4789]}},{"type":"Feature","properties":{"iso2_country":"CL","region_code":"10","region_name":"Los Lagos","region_abbr":"LAGOS","province_code":"103","province_name":"Osorno","commune_code":"10301","commune_name":"Osorno","lat_sex":"-40°34' 26''","lon_sex":"-73°7' 33''","surface":951,"population":161460,"density":169.8,"idh":0.7},"geometry":{"type":"Point","coordinates":[-73.1258,-40.5739]}},{"type":"Feature","properties":{"iso2_country":"CL","region_code":"10","region_name":"Los Lagos","region_abbr":"LAGOS","province_code":"103","province_name":"Osorno","commune_code":"10302","commune_name":"Puerto Octay","lat_sex":"-40°58' 1''","lon_sex":"-72°54' 0\"","surface":1795.7,"population":8999,"density":5.01,"idh":0.679},"geometry":{"type":"Point","coordinates":[-72.9,-40.9669]}},{"type":"Feature","properties":{"iso2_country":"CL","region_code":"10","region_name":"Los Lagos","region_abbr":"LAGOS","province_code":"103","province_name":"Osorno","commune_code":"10303","commune_name":"Purranque","lat_sex":"-40°54' 32''","lon_sex":"-73°10' 30\"","surface":1458.8,"population":20369,"density":14,"idh":0.627},"geometry":{"type":"Point","coordinates":[-73.175,-40.9089]}},{"type":"Feature","properties":{"iso2_country":"CL","region_code":"10","region_name":"Los Lagos","region_abbr":"LAGOS","province_code":"103","province_name":"Osorno","commune_code":"10304","commune_name":"Puyehue","lat_sex":"-40°43' 1''","lon_sex":"-72°19' 15''","surface":1597.9,"population":11667,"density":7.3,"idh":0.675},"geometry":{"type":"Point","coordinates":[-72.3208,-40.7169]}},{"type":"Feature","properties":{"iso2_country":"CL","region_code":"10","region_name":"Los Lagos","region_abbr":"LAGOS","province_code":"103","province_name":"Osorno","commune_code":"10305","commune_name":"Río Negro","lat_sex":"-41°58' 1''","lon_sex":"-72°27' 0\"","surface":1265.7,"population":14085,"density":11.1,"idh":0.633},"geometry":{"type":"Point","coordinates":[-72.45,-41.9669]}},{"type":"Feature","properties":{"iso2_country":"CL","region_code":"10","region_name":"Los Lagos","region_abbr":"LAGOS","province_code":"103","province_name":"Osorno","commune_code":"10306","commune_name":"San Juan de la Costa","lat_sex":"-40°30' 3''","lon_sex":"-73°23' 31''","surface":1517,"population":7512,"density":4.95,"idh":0.51},"geometry":{"type":"Point","coordinates":[-73.3919,-40.5008]}},{"type":"Feature","properties":{"iso2_country":"CL","region_code":"10","region_name":"Los Lagos","region_abbr":"LAGOS","province_code":"103","province_name":"Osorno","commune_code":"10307","commune_name":"San Pablo","lat_sex":"-40°23' 60\"","lon_sex":"-73°1' 1''","surface":637.3,"population":10030,"density":15.8,"idh":0.625},"geometry":{"type":"Point","coordinates":[-73.0167,-40.4]}},{"type":"Feature","properties":{"iso2_country":"CL","region_code":"10","region_name":"Los Lagos","region_abbr":"LAGOS","province_code":"104","province_name":"Palena","commune_code":"10401","commune_name":"Chaitén","lat_sex":"-42°53' 56''","lon_sex":"-72°40' 1''","surface":8470.5,"population":5071,"density":0.6,"idh":0.704},"geometry":{"type":"Point","coordinates":[-72.6669,-42.8989]}},{"type":"Feature","properties":{"iso2_country":"CL","region_code":"10","region_name":"Los Lagos","region_abbr":"LAGOS","province_code":"104","province_name":"Palena","commune_code":"10402","commune_name":"Futaleufú","lat_sex":"-43°10' 4''","lon_sex":"-71°50' 52''","surface":1280,"population":2623,"density":2.05,"idh":0.665},"geometry":{"type":"Point","coordinates":[-71.8478,-43.1678]}},{"type":"Feature","properties":{"iso2_country":"CL","region_code":"10","region_name":"Los Lagos","region_abbr":"LAGOS","province_code":"104","province_name":"Palena","commune_code":"10403","commune_name":"Hualaihué","lat_sex":"-41°59' 31''","lon_sex":"-72°40' 1''","surface":2787.7,"population":8944,"density":3.21,"idh":0.659},"geometry":{"type":"Point","coordinates":[-72.6669,-41.9919]}},{"type":"Feature","properties":{"iso2_country":"CL","region_code":"10","region_name":"Los Lagos","region_abbr":"LAGOS","province_code":"104","province_name":"Palena","commune_code":"10404","commune_name":"Palena","lat_sex":"-43°37' 22''","lon_sex":"-71°48' 14''","surface":2763.7,"population":1711,"density":0.62,"idh":0.667},"geometry":{"type":"Point","coordinates":[-71.8039,-43.6228]}},{"type":"Feature","properties":{"iso2_country":"CL","region_code":"11","region_name":"Aysén del General Carlos Ibáñez del Campo","region_abbr":"AYSEN","province_code":"111","province_name":"Coyhaique","commune_code":"11101","commune_name":"Coyhaique","lat_sex":"-45°33' 50''","lon_sex":"-72°3' 54\"","surface":7290.2,"population":57818,"density":7.93,"idh":0.751},"geometry":{"type":"Point","coordinates":[-72.065,-45.5639]}},{"type":"Feature","properties":{"iso2_country":"CL","region_code":"11","region_name":"Aysén del General Carlos Ibáñez del Campo","region_abbr":"AYSEN","province_code":"111","province_name":"Coyhaique","commune_code":"11102","commune_name":"Lago Verde","lat_sex":"-44°13' 8''","lon_sex":"-71°50' 20''","surface":5422.3,"population":852,"density":0.16,"idh":0.637},"geometry":{"type":"Point","coordinates":[-71.8389,-44.2189]}},{"type":"Feature","properties":{"iso2_country":"CL","region_code":"11","region_name":"Aysén del General Carlos Ibáñez del Campo","region_abbr":"AYSEN","province_code":"112","province_name":"Aysén","commune_code":"11201","commune_name":"Aysén","lat_sex":"-45°24' 43''","lon_sex":"-72°41' 52''","surface":29796.4,"population":23959,"density":0.8,"idh":0.674},"geometry":{"type":"Point","coordinates":[-72.6978,-45.4119]}},{"type":"Feature","properties":{"iso2_country":"CL","region_code":"11","region_name":"Aysén del General Carlos Ibáñez del Campo","region_abbr":"AYSEN","province_code":"112","province_name":"Aysén","commune_code":"11202","commune_name":"Cisnes","lat_sex":"-44°45' 3''","lon_sex":"-72°41' 49''","surface":16093,"population":6517,"density":0.41,"idh":0.725},"geometry":{"type":"Point","coordinates":[-72.6969,-44.7508]}},{"type":"Feature","properties":{"iso2_country":"CL","region_code":"11","region_name":"Aysén del General Carlos Ibáñez del Campo","region_abbr":"AYSEN","province_code":"112","province_name":"Aysén","commune_code":"11203","commune_name":"Guaitecas","lat_sex":"-43°53' 2''","lon_sex":"-73°57' 0\"","surface":620.6,"population":1843,"density":2.97,"idh":0.654},"geometry":{"type":"Point","coordinates":[-73.95,-43.8839]}},{"type":"Feature","properties":{"iso2_country":"CL","region_code":"11","region_name":"Aysén del General Carlos Ibáñez del Campo","region_abbr":"AYSEN","province_code":"113","province_name":"Capitán Prat","commune_code":"11301","commune_name":"Cochrane","lat_sex":"-47°16' 1''","lon_sex":"-72°32' 60\"","surface":8599.5,"population":3490,"density":0.41,"idh":0.668},"geometry":{"type":"Point","coordinates":[-72.5733,-47.2539]}},{"type":"Feature","properties":{"iso2_country":"CL","region_code":"11","region_name":"Aysén del General Carlos Ibáñez del Campo","region_abbr":"AYSEN","province_code":"113","province_name":"Capitán Prat","commune_code":"11302","commune_name":"O'Higgins","lat_sex":"-48°47' 60\"","lon_sex":"-73°10' 58''","surface":8182.5,"population":625,"density":0.08,"idh":0.572},"geometry":{"type":"Point","coordinates":[-72.5667,-48.4667]}},{"type":"Feature","properties":{"iso2_country":"CL","region_code":"11","region_name":"Aysén del General Carlos Ibáñez del Campo","region_abbr":"AYSEN","province_code":"113","province_name":"Capitán Prat","commune_code":"11303","commune_name":"Tortel","lat_sex":"-47°46' 51''","lon_sex":"-73°30' 43''","surface":19710.6,"population":523,"density":0.03,"idh":0.655},"geometry":{"type":"Point","coordinates":[-73.5119,-47.7808]}},{"type":"Feature","properties":{"iso2_country":"CL","region_code":"11","region_name":"Aysén del General Carlos Ibáñez del Campo","region_abbr":"AYSEN","province_code":"114","province_name":"General Carrera","commune_code":"11401","commune_name":"Chile Chico","lat_sex":"-46°32' 60\"","lon_sex":"-71°43' 58''","surface":5737.1,"population":4865,"density":0.85,"idh":0.707},"geometry":{"type":"Point","coordinates":[-71.7292,-46.5375]}},{"type":"Feature","properties":{"iso2_country":"CL","region_code":"11","region_name":"Aysén del General Carlos Ibáñez del Campo","region_abbr":"AYSEN","province_code":"114","province_name":"General Carrera","commune_code":"11402","commune_name":"Río Ibáñez","lat_sex":"-46°15' 18\"","lon_sex":"-71°57' 0\"","surface":5997.2,"population":2666,"density":0.45,"idh":0.654},"geometry":{"type":"Point","coordinates":[-71.95,-46.255]}},{"type":"Feature","properties":{"iso2_country":"CL","region_code":"12","region_name":"Magallanes y de la Antártica Chilena","region_abbr":"MAG","province_code":"121","province_name":"Magallanes","commune_code":"12101","commune_name":"Punta Arenas","lat_sex":"-53°8' 52''","lon_sex":"-70°54' 25''","surface":17846.3,"population":131592,"density":7.37,"idh":0.748},"geometry":{"type":"Point","coordinates":[-70.9069,-53.1478]}},{"type":"Feature","properties":{"iso2_country":"CL","region_code":"12","region_name":"Magallanes y de la Antártica Chilena","region_abbr":"MAG","province_code":"121","province_name":"Magallanes","commune_code":"12102","commune_name":"Laguna Blanca","lat_sex":"-52°16' 1''","lon_sex":"-71°10' 58''","surface":3695.6,"population":274,"density":0.07,"idh":0.785},"geometry":{"type":"Point","coordinates":[-71.1828,-52.2669]}},{"type":"Feature","properties":{"iso2_country":"CL","region_code":"12","region_name":"Magallanes y de la Antártica Chilena","region_abbr":"MAG","province_code":"121","province_name":"Magallanes","commune_code":"12103","commune_name":"Río Verde","lat_sex":"-52°37' 40''","lon_sex":"-71°28' 37''","surface":17248,"population":617,"density":0.04,"idh":0.784},"geometry":{"type":"Point","coordinates":[-71.4769,-52.6278]}},{"type":"Feature","properties":{"iso2_country":"CL","region_code":"12","region_name":"Magallanes y de la Antártica Chilena","region_abbr":"MAG","province_code":"121","province_name":"Magallanes","commune_code":"12104","commune_name":"San Gregorio","lat_sex":"-52°34' 1''","lon_sex":"-70°4' 1''","surface":6883.7,"population":799,"density":0.12,"idh":0.823},"geometry":{"type":"Point","coordinates":[-70.0669,-52.5669]}},{"type":"Feature","properties":{"iso2_country":"CL","region_code":"12","region_name":"Magallanes y de la Antártica Chilena","region_abbr":"MAG","province_code":"122","province_name":"Antártica Chilena","commune_code":"12201","commune_name":"Cabo de Hornos","lat_sex":"-54°56' 49''","lon_sex":"-67°36' 25''","surface":15578.7,"population":2063,"density":0.13,"idh":0.806},"geometry":{"type":"Point","coordinates":[-67.6069,-54.9469]}},{"type":"Feature","properties":{"iso2_country":"CL","region_code":"12","region_name":"Magallanes y de la Antártica Chilena","region_abbr":"MAG","province_code":"122","province_name":"Antártica Chilena","commune_code":"12202","commune_name":"Antártica","lat_sex":"-75°0' 0\"","lon_sex":"-71°30' 00\"","surface":1250257.6,"population":127,"density":0.0001},"geometry":{"type":"Point","coordinates":[-71.5,-75]}},{"type":"Feature","properties":{"iso2_country":"CL","region_code":"12","region_name":"Magallanes y de la Antártica Chilena","region_abbr":"MAG","province_code":"123","province_name":"Tierra del Fuego","commune_code":"12301","commune_name":"Porvenir","lat_sex":"-53°17' 52''","lon_sex":"-70°23' 6\"","surface":9707.4,"population":6801,"density":0.7,"idh":0.731},"geometry":{"type":"Point","coordinates":[-70.385,-53.2978]}},{"type":"Feature","properties":{"iso2_country":"CL","region_code":"12","region_name":"Magallanes y de la Antártica Chilena","region_abbr":"MAG","province_code":"123","province_name":"Tierra del Fuego","commune_code":"12302","commune_name":"Primavera","lat_sex":"-52°53' 9''","lon_sex":"-69°21' 10''","surface":4253.4,"population":1158,"density":0.27,"idh":0.774},"geometry":{"type":"Point","coordinates":[-69.3528,-52.8858]}},{"type":"Feature","properties":{"iso2_country":"CL","region_code":"12","region_name":"Magallanes y de la Antártica Chilena","region_abbr":"MAG","province_code":"123","province_name":"Tierra del Fuego","commune_code":"12303","commune_name":"Timaukel","lat_sex":"-53°40' 19''","lon_sex":"-69°42' 36\"","surface":10758.9,"population":405,"density":0.04,"idh":0.717},"geometry":{"type":"Point","coordinates":[-69.71,-53.6719]}},{"type":"Feature","properties":{"iso2_country":"CL","region_code":"12","region_name":"Magallanes y de la Antártica Chilena","region_abbr":"MAG","province_code":"124","province_name":"Última Esperanza","commune_code":"12401","commune_name":"Natales","lat_sex":"-51°43' 58''","lon_sex":"-72°31' 1''","surface":49924.1,"population":21477,"density":0.43,"idh":0.699},"geometry":{"type":"Point","coordinates":[-72.5169,-51.7328]}},{"type":"Feature","properties":{"iso2_country":"CL","region_code":"12","region_name":"Magallanes y de la Antártica Chilena","region_abbr":"MAG","province_code":"124","province_name":"Última Esperanza","commune_code":"12402","commune_name":"Torres del Paine","lat_sex":"-50°58' 55''","lon_sex":"-72°29' 56''","surface":6630,"population":1209,"density":0.18,"idh":0.73},"geometry":{"type":"Point","coordinates":[-72.4989,-50.9819]}},{"type":"Feature","properties":{"iso2_country":"CL","region_code":"13","region_name":"Metropolitana de Santiago","region_abbr":"RM","province_code":"131","province_name":"Santiago","commune_code":"13101","commune_name":"Santiago","lat_sex":"-33°26' 14\"","lon_sex":"-70°39' 26\"","surface":23.2,"population":404495,"density":"17 435,1","idh":0.807},"geometry":{"type":"Point","coordinates":[-70.6572,-33.4372]}},{"type":"Feature","properties":{"iso2_country":"CL","region_code":"13","region_name":"Metropolitana de Santiago","region_abbr":"RM","province_code":"131","province_name":"Santiago","commune_code":"13102","commune_name":"Cerrillos","lat_sex":"-33°30' 0\"","lon_sex":"-70°43' 0\"","surface":21,"population":80832,"density":3849.1,"idh":0.743},"geometry":{"type":"Point","coordinates":[-70.7167,-33.5]}},{"type":"Feature","properties":{"iso2_country":"CL","region_code":"13","region_name":"Metropolitana de Santiago","region_abbr":"RM","province_code":"131","province_name":"Santiago","commune_code":"13103","commune_name":"Cerro Navia","lat_sex":"-33°25' 19''","lon_sex":"-70°44' 6\"","surface":11,"population":132622,"density":"12 056,5","idh":0.683},"geometry":{"type":"Point","coordinates":[-70.735,-33.4219]}},{"type":"Feature","properties":{"iso2_country":"CL","region_code":"13","region_name":"Metropolitana de Santiago","region_abbr":"RM","province_code":"131","province_name":"Santiago","commune_code":"13104","commune_name":"Conchalí","lat_sex":"-33°22' 48\"","lon_sex":"-70°40' 30\"","surface":10.7,"population":126955,"density":"11 865,0","idh":0.707},"geometry":{"type":"Point","coordinates":[-70.675,-33.38]}},{"type":"Feature","properties":{"iso2_country":"CL","region_code":"13","region_name":"Metropolitana de Santiago","region_abbr":"RM","province_code":"131","province_name":"Santiago","commune_code":"13105","commune_name":"El Bosque","lat_sex":"-33°34' 1''","lon_sex":"-70°40' 30\"","surface":14.2,"population":162505,"density":"11 444,0","idh":0.711},"geometry":{"type":"Point","coordinates":[-70.675,-33.5669]}},{"type":"Feature","properties":{"iso2_country":"CL","region_code":"13","region_name":"Metropolitana de Santiago","region_abbr":"RM","province_code":"131","province_name":"Santiago","commune_code":"13106","commune_name":"Estación Central","lat_sex":"-33°27' 32''","lon_sex":"-70°41' 56''","surface":15,"population":147041,"density":9802.7,"idh":0.735},"geometry":{"type":"Point","coordinates":[-70.6989,-33.4589]}},{"type":"Feature","properties":{"iso2_country":"CL","region_code":"13","region_name":"Metropolitana de Santiago","region_abbr":"RM","province_code":"131","province_name":"Santiago","commune_code":"13107","commune_name":"Huechuraba","lat_sex":"-33°22' 4''","lon_sex":"-70°38' 2''","surface":44.8,"population":98671,"density":2202.5,"idh":0.737},"geometry":{"type":"Point","coordinates":[-70.6339,-33.3678]}},{"type":"Feature","properties":{"iso2_country":"CL","region_code":"13","region_name":"Metropolitana de Santiago","region_abbr":"RM","province_code":"131","province_name":"Santiago","commune_code":"13108","commune_name":"Independencia","lat_sex":"-33°24' 46''","lon_sex":"-70°39' 57''","surface":7,"population":100281,"density":"14 325,9","idh":0.709},"geometry":{"type":"Point","coordinates":[-70.6658,-33.4128]}},{"type":"Feature","properties":{"iso2_country":"CL","region_code":"13","region_name":"Metropolitana de Santiago","region_abbr":"RM","province_code":"131","province_name":"Santiago","commune_code":"13109","commune_name":"La Cisterna","lat_sex":"-33°31' 44''","lon_sex":"-70°39' 46''","surface":10,"population":90119,"density":9011.9,"idh":0.775},"geometry":{"type":"Point","coordinates":[-70.6628,-33.5289]}},{"type":"Feature","properties":{"iso2_country":"CL","region_code":"13","region_name":"Metropolitana de Santiago","region_abbr":"RM","province_code":"131","province_name":"Santiago","commune_code":"13110","commune_name":"La Florida","lat_sex":"-33°31' 30\"","lon_sex":"-70°32' 16''","surface":70.2,"population":366916,"density":5226.7,"idh":0.804},"geometry":{"type":"Point","coordinates":[-70.5378,-33.525]}},{"type":"Feature","properties":{"iso2_country":"CL","region_code":"13","region_name":"Metropolitana de Santiago","region_abbr":"RM","province_code":"131","province_name":"Santiago","commune_code":"13111","commune_name":"La Granja","lat_sex":"-33°31' 60\"","lon_sex":"-70°37' 30\"","surface":10,"population":116571,"density":"11 657,1","idh":0.689},"geometry":{"type":"Point","coordinates":[-70.5833,-33.5833]}},{"type":"Feature","properties":{"iso2_country":"CL","region_code":"13","region_name":"Metropolitana de Santiago","region_abbr":"RM","province_code":"131","province_name":"Santiago","commune_code":"13112","commune_name":"La Pintana","lat_sex":"-33°34' 58''","lon_sex":"-70°38' 2''","surface":30.6,"population":177335,"density":5795.3,"idh":0.679},"geometry":{"type":"Point","coordinates":[-70.6339,-33.5828]}},{"type":"Feature","properties":{"iso2_country":"CL","region_code":"13","region_name":"Metropolitana de Santiago","region_abbr":"RM","province_code":"131","province_name":"Santiago","commune_code":"13113","commune_name":"La Reina","lat_sex":"-33°26' 34''","lon_sex":"-70°31' 55''","surface":23,"population":92787,"density":4034.2,"idh":0.883},"geometry":{"type":"Point","coordinates":[-70.5319,-33.4428]}},{"type":"Feature","properties":{"iso2_country":"CL","region_code":"13","region_name":"Metropolitana de Santiago","region_abbr":"RM","province_code":"131","province_name":"Santiago","commune_code":"13114","commune_name":"Las Condes","lat_sex":"-33°25' 0\"","lon_sex":"-70°35' 0\"","surface":99,"population":294838,"density":2978.2,"idh":0.933},"geometry":{"type":"Point","coordinates":[-70.5833,-33.4167]}},{"type":"Feature","properties":{"iso2_country":"CL","region_code":"13","region_name":"Metropolitana de Santiago","region_abbr":"RM","province_code":"131","province_name":"Santiago","commune_code":"13115","commune_name":"Lo Barnechea","lat_sex":"-33°21' 0\"","lon_sex":"-70°31' 0\"","surface":1024,"population":105833,"density":103.4,"idh":0.912},"geometry":{"type":"Point","coordinates":[-70.5167,-33.35]}},{"type":"Feature","properties":{"iso2_country":"CL","region_code":"13","region_name":"Metropolitana de Santiago","region_abbr":"RM","province_code":"131","province_name":"Santiago","commune_code":"13116","commune_name":"Lo Espejo","lat_sex":"-33°31' 19''","lon_sex":"-70°41' 13''","surface":7,"population":98804,"density":"14 114,9","idh":0.657},"geometry":{"type":"Point","coordinates":[-70.6869,-33.5219]}},{"type":"Feature","properties":{"iso2_country":"CL","region_code":"13","region_name":"Metropolitana de Santiago","region_abbr":"RM","province_code":"131","province_name":"Santiago","commune_code":"13117","commune_name":"Lo Prado","lat_sex":"-33°26' 42\"","lon_sex":"-70°43' 33''","surface":7,"population":96249,"density":"13 749,9","idh":0.715},"geometry":{"type":"Point","coordinates":[-70.7258,-33.445]}},{"type":"Feature","properties":{"iso2_country":"CL","region_code":"13","region_name":"Metropolitana de Santiago","region_abbr":"RM","province_code":"131","province_name":"Santiago","commune_code":"13118","commune_name":"Macul","lat_sex":"-33°29' 13''","lon_sex":"-70°36' 14''","surface":12.9,"population":116534,"density":9033.6,"idh":0.806},"geometry":{"type":"Point","coordinates":[-70.6039,-33.4869]}},{"type":"Feature","properties":{"iso2_country":"CL","region_code":"13","region_name":"Metropolitana de Santiago","region_abbr":"RM","province_code":"131","province_name":"Santiago","commune_code":"13119","commune_name":"Maipú","lat_sex":"-33°31' 0\"","lon_sex":"-70°46' 0\"","surface":135.5,"population":521657,"density":3849.6,"idh":0.902},"geometry":{"type":"Point","coordinates":[-70.7667,-33.5167]}},{"type":"Feature","properties":{"iso2_country":"CL","region_code":"13","region_name":"Metropolitana de Santiago","region_abbr":"RM","province_code":"131","province_name":"Santiago","commune_code":"13120","commune_name":"Ñuñoa","lat_sex":"-33°27' 14''","lon_sex":"-70°36' 14''","surface":16.9,"population":208237,"density":"13 321,7","idh":0.86},"geometry":{"type":"Point","coordinates":[-70.6039,-33.4539]}},{"type":"Feature","properties":{"iso2_country":"CL","region_code":"13","region_name":"Metropolitana de Santiago","region_abbr":"RM","province_code":"131","province_name":"Santiago","commune_code":"13121","commune_name":"Pedro Aguirre Cerda","lat_sex":"-33°27' 58''","lon_sex":"-70°38' 1''","surface":10,"population":101174,"density":"10 117,4","idh":0.708},"geometry":{"type":"Point","coordinates":[-70.6336,-33.4661]}},{"type":"Feature","properties":{"iso2_country":"CL","region_code":"13","region_name":"Metropolitana de Santiago","region_abbr":"RM","province_code":"131","province_name":"Santiago","commune_code":"13122","commune_name":"Peñalolén","lat_sex":"-33°29' 10''","lon_sex":"-70°32' 0\"","surface":54,"population":241599,"density":4474.1,"idh":0.743},"geometry":{"type":"Point","coordinates":[-70.5333,-33.4861]}},{"type":"Feature","properties":{"iso2_country":"CL","region_code":"13","region_name":"Metropolitana de Santiago","region_abbr":"RM","province_code":"131","province_name":"Santiago","commune_code":"13123","commune_name":"Providencia","lat_sex":"-33°26' 6\"","lon_sex":"-70°36' 57''","surface":14.3,"population":142079,"density":9935.6,"idh":0.911},"geometry":{"type":"Point","coordinates":[-70.6158,-33.435]}},{"type":"Feature","properties":{"iso2_country":"CL","region_code":"13","region_name":"Metropolitana de Santiago","region_abbr":"RM","province_code":"131","province_name":"Santiago","commune_code":"13124","commune_name":"Pudahuel","lat_sex":"-33°26' 0\"","lon_sex":"-70°43' 0\"","surface":197,"population":230293,"density":1197,"idh":0.735},"geometry":{"type":"Point","coordinates":[-70.7167,-33.4333]}},{"type":"Feature","properties":{"iso2_country":"CL","region_code":"13","region_name":"Metropolitana de Santiago","region_abbr":"RM","province_code":"131","province_name":"Santiago","commune_code":"13125","commune_name":"Quilicura","lat_sex":"-33°21' 39''","lon_sex":"-70°43' 44''","surface":58,"population":210410,"density":3627.8,"idh":0.782},"geometry":{"type":"Point","coordinates":[-70.7289,-33.3608]}},{"type":"Feature","properties":{"iso2_country":"CL","region_code":"13","region_name":"Metropolitana de Santiago","region_abbr":"RM","province_code":"131","province_name":"Santiago","commune_code":"13126","commune_name":"Quinta Normal","lat_sex":"-33°25' 37''","lon_sex":"-70°41' 56''","surface":13,"population":110026,"density":8463.5,"idh":0.723},"geometry":{"type":"Point","coordinates":[-70.6989,-33.4269]}},{"type":"Feature","properties":{"iso2_country":"CL","region_code":"13","region_name":"Metropolitana de Santiago","region_abbr":"RM","province_code":"131","province_name":"Santiago","commune_code":"13127","commune_name":"Recoleta","lat_sex":"-33°24' 21''","lon_sex":"-70°38' 24\"","surface":16,"population":157851,"density":9865.7,"idh":0.697},"geometry":{"type":"Point","coordinates":[-70.64,-33.4058]}},{"type":"Feature","properties":{"iso2_country":"CL","region_code":"13","region_name":"Metropolitana de Santiago","region_abbr":"RM","province_code":"131","province_name":"Santiago","commune_code":"13128","commune_name":"Renca","lat_sex":"-33°23' 52''","lon_sex":"-70°43' 22''","surface":24,"population":147151,"density":6131.3,"idh":0.709},"geometry":{"type":"Point","coordinates":[-70.7228,-33.3978]}},{"type":"Feature","properties":{"iso2_country":"CL","region_code":"13","region_name":"Metropolitana de Santiago","region_abbr":"RM","province_code":"131","province_name":"Santiago","commune_code":"13129","commune_name":"San Joaquín","lat_sex":"-33°29' 27''","lon_sex":"-70°37' 40''","surface":9.7,"population":94492,"density":9741.4,"idh":0.719},"geometry":{"type":"Point","coordinates":[-70.6278,-33.4908]}},{"type":"Feature","properties":{"iso2_country":"CL","region_code":"13","region_name":"Metropolitana de Santiago","region_abbr":"RM","province_code":"131","province_name":"Santiago","commune_code":"13130","commune_name":"San Miguel","lat_sex":"-33°29' 9\"","lon_sex":"-70°38' 58\"","surface":10,"population":107954,"density":"10 795,4","idh":0.765},"geometry":{"type":"Point","coordinates":[-70.6494,-33.4858]}},{"type":"Feature","properties":{"iso2_country":"CL","region_code":"13","region_name":"Metropolitana de Santiago","region_abbr":"RM","province_code":"131","province_name":"Santiago","commune_code":"13131","commune_name":"San Ramón","lat_sex":"-33°31' 60\"","lon_sex":"-70°38' 30\"","surface":7,"population":82900,"density":"11 842,8","idh":0.679},"geometry":{"type":"Point","coordinates":[-70.6439,-33.5428]}},{"type":"Feature","properties":{"iso2_country":"CL","region_code":"13","region_name":"Metropolitana de Santiago","region_abbr":"RM","province_code":"131","province_name":"Santiago","commune_code":"13132","commune_name":"Vitacura","lat_sex":"-33°24' 0\"","lon_sex":"-70°36' 0\"","surface":28.3,"population":85384,"density":3017.1,"idh":0.949},"geometry":{"type":"Point","coordinates":[-70.6,-33.4]}},{"type":"Feature","properties":{"iso2_country":"CL","region_code":"13","region_name":"Metropolitana de Santiago","region_abbr":"RM","province_code":"132","province_name":"Cordillera","commune_code":"13201","commune_name":"Puente Alto","lat_sex":"-33°36' 57''","lon_sex":"-70°34' 12\"","surface":88,"population":568106,"density":6455.8,"idh":0.773},"geometry":{"type":"Point","coordinates":[-70.57,-33.6158]}},{"type":"Feature","properties":{"iso2_country":"CL","region_code":"13","region_name":"Metropolitana de Santiago","region_abbr":"RM","province_code":"132","province_name":"Cordillera","commune_code":"13202","commune_name":"Pirque","lat_sex":"-33°38' 60\"","lon_sex":"-70°33' 50''","surface":445.3,"population":26521,"density":59.6,"idh":0.807},"geometry":{"type":"Point","coordinates":[-70.55,-33.6333]}},{"type":"Feature","properties":{"iso2_country":"CL","region_code":"13","region_name":"Metropolitana de Santiago","region_abbr":"RM","province_code":"132","province_name":"Cordillera","commune_code":"13203","commune_name":"San José de Maipo","lat_sex":"-33°38' 38''","lon_sex":"-70°21' 10''","surface":4994.8,"population":18189,"density":3.64,"idh":0.759},"geometry":{"type":"Point","coordinates":[-70.3528,-33.6439]}},{"type":"Feature","properties":{"iso2_country":"CL","region_code":"13","region_name":"Metropolitana de Santiago","region_abbr":"RM","province_code":"133","province_name":"Chacabuco","commune_code":"13301","commune_name":"Colina","lat_sex":"-33°11' 38''","lon_sex":"-70°40' 4''","surface":971.2,"population":146207,"density":150.5,"idh":0.726},"geometry":{"type":"Point","coordinates":[-70.6678,-33.1939]}},{"type":"Feature","properties":{"iso2_country":"CL","region_code":"13","region_name":"Metropolitana de Santiago","region_abbr":"RM","province_code":"133","province_name":"Chacabuco","commune_code":"13302","commune_name":"Lampa","lat_sex":"-33°17' 9''","lon_sex":"-70°52' 40''","surface":452,"population":102034,"density":225.7,"idh":0.697},"geometry":{"type":"Point","coordinates":[-70.8778,-33.2858]}},{"type":"Feature","properties":{"iso2_country":"CL","region_code":"13","region_name":"Metropolitana de Santiago","region_abbr":"RM","province_code":"133","province_name":"Chacabuco","commune_code":"13303","commune_name":"Tiltil","lat_sex":"-33°5' 6\"","lon_sex":"-70°55' 30\"","surface":653,"population":19312,"density":29.6,"idh":0.706},"geometry":{"type":"Point","coordinates":[-70.925,-33.085]}},{"type":"Feature","properties":{"iso2_country":"CL","region_code":"13","region_name":"Metropolitana de Santiago","region_abbr":"RM","province_code":"134","province_name":"Maipo","commune_code":"13401","commune_name":"San Bernardo","lat_sex":"-33°34' 55''","lon_sex":"-70°41' 13''","surface":155,"population":301313,"density":1943.9,"idh":0.712},"geometry":{"type":"Point","coordinates":[-70.6869,-33.5819]}},{"type":"Feature","properties":{"iso2_country":"CL","region_code":"13","region_name":"Metropolitana de Santiago","region_abbr":"RM","province_code":"134","province_name":"Maipo","commune_code":"13402","commune_name":"Buin","lat_sex":"-33°43' 40''","lon_sex":"-70°44' 20''","surface":214,"population":96614,"density":451.5,"idh":0.731},"geometry":{"type":"Point","coordinates":[-70.7389,-33.7278]}},{"type":"Feature","properties":{"iso2_country":"CL","region_code":"13","region_name":"Metropolitana de Santiago","region_abbr":"RM","province_code":"134","province_name":"Maipo","commune_code":"13403","commune_name":"Calera de Tango","lat_sex":"-33°37' 40''","lon_sex":"-70°47' 6\"","surface":73.3,"population":25392,"density":346.4,"idh":0.792},"geometry":{"type":"Point","coordinates":[-70.785,-33.6278]}},{"type":"Feature","properties":{"iso2_country":"CL","region_code":"13","region_name":"Metropolitana de Santiago","region_abbr":"RM","province_code":"134","province_name":"Maipo","commune_code":"13404","commune_name":"Paine","lat_sex":"-33°48' 43''","lon_sex":"-70°43' 22''","surface":820,"population":72759,"density":88.7,"idh":0.718},"geometry":{"type":"Point","coordinates":[-70.7228,-33.8119]}},{"type":"Feature","properties":{"iso2_country":"CL","region_code":"13","region_name":"Metropolitana de Santiago","region_abbr":"RM","province_code":"135","province_name":"Melipilla","commune_code":"13501","commune_name":"Melipilla","lat_sex":"-33°41' 20''","lon_sex":"-71°12' 28''","surface":1345,"population":123627,"density":91.9,"idh":0.735},"geometry":{"type":"Point","coordinates":[-71.2078,-33.6889]}},{"type":"Feature","properties":{"iso2_country":"CL","region_code":"13","region_name":"Metropolitana de Santiago","region_abbr":"RM","province_code":"135","province_name":"Melipilla","commune_code":"13502","commune_name":"Alhué","lat_sex":"-34°1' 58''","lon_sex":"-71°5' 60\"","surface":845,"population":6444,"density":7.63,"idh":0.7},"geometry":{"type":"Point","coordinates":[-71.1,-34.0333]}},{"type":"Feature","properties":{"iso2_country":"CL","region_code":"13","region_name":"Metropolitana de Santiago","region_abbr":"RM","province_code":"135","province_name":"Melipilla","commune_code":"13503","commune_name":"Curacaví","lat_sex":"-33°23' 56''","lon_sex":"-71°8' 13''","surface":693,"population":32579,"density":47,"idh":0.71},"geometry":{"type":"Point","coordinates":[-71.1369,-33.3989]}},{"type":"Feature","properties":{"iso2_country":"CL","region_code":"13","region_name":"Metropolitana de Santiago","region_abbr":"RM","province_code":"135","province_name":"Melipilla","commune_code":"13504","commune_name":"María Pinto","lat_sex":"-33°30' 54\"","lon_sex":"-71°7' 8''","surface":393.5,"population":13590,"density":34.5,"idh":0.698},"geometry":{"type":"Point","coordinates":[-71.1189,-33.515]}},{"type":"Feature","properties":{"iso2_country":"CL","region_code":"13","region_name":"Metropolitana de Santiago","region_abbr":"RM","province_code":"135","province_name":"Melipilla","commune_code":"13505","commune_name":"San Pedro","lat_sex":"-33°53' 60\"","lon_sex":"-71°28' 1''","surface":788,"population":9726,"density":12.3,"idh":0.701},"geometry":{"type":"Point","coordinates":[-71.4667,-33.9]}},{"type":"Feature","properties":{"iso2_country":"CL","region_code":"13","region_name":"Metropolitana de Santiago","region_abbr":"RM","province_code":"136","province_name":"Talagante","commune_code":"13601","commune_name":"Talagante","lat_sex":"-33°40' 1''","lon_sex":"-70°55' 51''","surface":126,"population":74237,"density":589.2,"idh":0.749},"geometry":{"type":"Point","coordinates":[-70.9308,-33.6669]}},{"type":"Feature","properties":{"iso2_country":"CL","region_code":"13","region_name":"Metropolitana de Santiago","region_abbr":"RM","province_code":"136","province_name":"Talagante","commune_code":"13602","commune_name":"El Monte","lat_sex":"-33°41' 2''","lon_sex":"-71°1' 1''","surface":118,"population":35923,"density":304.4,"idh":0.688},"geometry":{"type":"Point","coordinates":[-71.0169,-33.6839]}},{"type":"Feature","properties":{"iso2_country":"CL","region_code":"13","region_name":"Metropolitana de Santiago","region_abbr":"RM","province_code":"136","province_name":"Talagante","commune_code":"13603","commune_name":"Isla de Maipo","lat_sex":"-33°45' 14''","lon_sex":"-70°53' 9''","surface":189,"population":36219,"density":191.6,"idh":0.724},"geometry":{"type":"Point","coordinates":[-70.8858,-33.7539]}},{"type":"Feature","properties":{"iso2_country":"CL","region_code":"13","region_name":"Metropolitana de Santiago","region_abbr":"RM","province_code":"136","province_name":"Talagante","commune_code":"13604","commune_name":"Padre Hurtado","lat_sex":"-33°34' 33''","lon_sex":"-70°47' 60\"","surface":80.8,"population":63250,"density":782.8,"idh":0.728},"geometry":{"type":"Point","coordinates":[-70.8333,-33.5667]}},{"type":"Feature","properties":{"iso2_country":"CL","region_code":"13","region_name":"Metropolitana de Santiago","region_abbr":"RM","province_code":"136","province_name":"Talagante","commune_code":"13605","commune_name":"Peñaflor","lat_sex":"-33°36' 22''","lon_sex":"-70°52' 35''","surface":69,"population":90201,"density":1307.3,"idh":0.753},"geometry":{"type":"Point","coordinates":[-70.8764,-33.6061]}},{"type":"Feature","properties":{"iso2_country":"CL","region_code":"14","region_name":"Los Ríos","region_abbr":"RIOS","province_code":"141","province_name":"Valdivia","commune_code":"14101","commune_name":"Valdivia","lat_sex":"-39°47' 60\"","lon_sex":"-73°13' 58''","surface":1016,"population":166080,"density":163.5,"idh":0.754},"geometry":{"type":"Point","coordinates":[-73.2458,-39.8142]}},{"type":"Feature","properties":{"iso2_country":"CL","region_code":"14","region_name":"Los Ríos","region_abbr":"RIOS","province_code":"141","province_name":"Valdivia","commune_code":"14102","commune_name":"Corral","lat_sex":"-39°52' 1''","lon_sex":"-73°25' 58''","surface":767,"population":5302,"density":6.91,"idh":0.658},"geometry":{"type":"Point","coordinates":[-73.4328,-39.8669]}},{"type":"Feature","properties":{"iso2_country":"CL","region_code":"14","region_name":"Los Ríos","region_abbr":"RIOS","province_code":"141","province_name":"Valdivia","commune_code":"14103","commune_name":"Lanco","lat_sex":"-39°26' 49''","lon_sex":"-72°46' 19''","surface":532.4,"population":16752,"density":31.5,"idh":0.648},"geometry":{"type":"Point","coordinates":[-72.7719,-39.4469]}},{"type":"Feature","properties":{"iso2_country":"CL","region_code":"14","region_name":"Los Ríos","region_abbr":"RIOS","province_code":"141","province_name":"Valdivia","commune_code":"14104","commune_name":"Los Lagos","lat_sex":"-41°55' 12\"","lon_sex":"-72°8' 31''","surface":1791.2,"population":19634,"density":11,"idh":0.658},"geometry":{"type":"Point","coordinates":[-72.1419,-41.92]}},{"type":"Feature","properties":{"iso2_country":"CL","region_code":"14","region_name":"Los Ríos","region_abbr":"RIOS","province_code":"141","province_name":"Valdivia","commune_code":"14105","commune_name":"Máfil","lat_sex":"-39°38' 60\"","lon_sex":"-72°57' 0\"","surface":583,"population":7095,"density":12.2,"idh":0.655},"geometry":{"type":"Point","coordinates":[-72.95,-39.65]}},{"type":"Feature","properties":{"iso2_country":"CL","region_code":"14","region_name":"Los Ríos","region_abbr":"RIOS","province_code":"141","province_name":"Valdivia","commune_code":"14106","commune_name":"Mariquina","lat_sex":"-40°7' 58''","lon_sex":"-72°19' 58''","surface":1320.5,"population":21278,"density":16.1,"idh":0.653},"geometry":{"type":"Point","coordinates":[-72.3328,-40.1328]}},{"type":"Feature","properties":{"iso2_country":"CL","region_code":"14","region_name":"Los Ríos","region_abbr":"RIOS","province_code":"141","province_name":"Valdivia","commune_code":"14107","commune_name":"Paillaco","lat_sex":"-40°4' 4''","lon_sex":"-72°52' 58''","surface":896,"population":20188,"density":22.5,"idh":0.647},"geometry":{"type":"Point","coordinates":[-72.8828,-40.0678]}},{"type":"Feature","properties":{"iso2_country":"CL","region_code":"14","region_name":"Los Ríos","region_abbr":"RIOS","province_code":"141","province_name":"Valdivia","commune_code":"14108","commune_name":"Panguipulli","lat_sex":"-39°38' 31''","lon_sex":"-72°20' 24\"","surface":3292,"population":34539,"density":10.5,"idh":0.627},"geometry":{"type":"Point","coordinates":[-72.34,-39.6419]}},{"type":"Feature","properties":{"iso2_country":"CL","region_code":"14","region_name":"Los Ríos","region_abbr":"RIOS","province_code":"142","province_name":"Ranco","commune_code":"14201","commune_name":"La Unión","lat_sex":"-40°17' 31''","lon_sex":"-73°5' 16''","surface":2137,"population":38036,"density":17.8,"idh":0.687},"geometry":{"type":"Point","coordinates":[-73.0878,-40.2919]}},{"type":"Feature","properties":{"iso2_country":"CL","region_code":"14","region_name":"Los Ríos","region_abbr":"RIOS","province_code":"142","province_name":"Ranco","commune_code":"14202","commune_name":"Futrono","lat_sex":"-40°7' 51''","lon_sex":"-72°23' 45''","surface":2267.5,"population":14665,"density":6.47,"idh":0.637},"geometry":{"type":"Point","coordinates":[-72.3958,-40.1308]}},{"type":"Feature","properties":{"iso2_country":"CL","region_code":"14","region_name":"Los Ríos","region_abbr":"RIOS","province_code":"142","province_name":"Ranco","commune_code":"14203","commune_name":"Lago Ranco","lat_sex":"-40°19' 1''","lon_sex":"-72°30' 0\"","surface":1763.3,"population":9896,"density":5.61,"idh":0.606},"geometry":{"type":"Point","coordinates":[-72.5,-40.3169]}},{"type":"Feature","properties":{"iso2_country":"CL","region_code":"14","region_name":"Los Ríos","region_abbr":"RIOS","province_code":"142","province_name":"Ranco","commune_code":"14204","commune_name":"Río Bueno","lat_sex":"-40°20' 16''","lon_sex":"-72°57' 25''","surface":2211.7,"population":31372,"density":14.2,"idh":0.624},"geometry":{"type":"Point","coordinates":[-72.9569,-40.3378]}},{"type":"Feature","properties":{"iso2_country":"CL","region_code":"15","region_name":"Arica y Parinacota","region_abbr":"AyP","province_code":"151","province_name":"Arica","commune_code":"15101","commune_name":"Arica","lat_sex":"-18°27' 18\"","lon_sex":"-70°17' 24\"","surface":4799.4,"population":221364,"density":0.46,"idh":38.4},"geometry":{"type":"Point","coordinates":[-70.29,-18.455]}},{"type":"Feature","properties":{"iso2_country":"CL","region_code":"15","region_name":"Arica y Parinacota","region_abbr":"AyP","province_code":"151","province_name":"Arica","commune_code":"15102","commune_name":"Camarones","lat_sex":"-19°1' 1''","lon_sex":"-69°52' 1''","surface":3927,"population":1255,"density":0.32,"idh":0.751},"geometry":{"type":"Point","coordinates":[-69.8669,-19.0169]}},{"type":"Feature","properties":{"iso2_country":"CL","region_code":"15","region_name":"Arica y Parinacota","region_abbr":"AyP","province_code":"152","province_name":"Parinacota","commune_code":"15201","commune_name":"Putre","lat_sex":"-18°12' 0\"","lon_sex":"-69°34' 58''","surface":5902.5,"population":2765,"density":0.47,"idh":0.707},"geometry":{"type":"Point","coordinates":[-69.5828,-18.2]}},{"type":"Feature","properties":{"iso2_country":"CL","region_code":"15","region_name":"Arica y Parinacota","region_abbr":"AyP","province_code":"152","province_name":"Parinacota","commune_code":"15202","commune_name":"General Lagos","lat_sex":"-17°39' 10''","lon_sex":"-69°38' 6\"","surface":2244.4,"population":684,"density":0.31,"idh":0.67},"geometry":{"type":"Point","coordinates":[-69.635,-17.6528]}},{"type":"Feature","properties":{"iso2_country":"CL","region_code":"16","region_name":"Ñuble","region_abbr":"NUBLE","province_code":"161","province_name":"Diguillín","commune_code":"16101","commune_name":"Chillán","lat_sex":"-36°36' 3''","lon_sex":"-72°6' 32''","surface":511.2,"population":184739,"density":361.4,"idh":0.714},"geometry":{"type":"Point","coordinates":[-72.1089,-36.6008]}},{"type":"Feature","properties":{"iso2_country":"CL","region_code":"16","region_name":"Ñuble","region_abbr":"NUBLE","province_code":"161","province_name":"Diguillín","commune_code":"16102","commune_name":"Bulnes","lat_sex":"-36°44' 20''","lon_sex":"-72°17' 31''","surface":425.4,"population":21493,"density":50.5,"idh":0.626},"geometry":{"type":"Point","coordinates":[-72.2919,-36.7389]}},{"type":"Feature","properties":{"iso2_country":"CL","region_code":"16","region_name":"Ñuble","region_abbr":"NUBLE","province_code":"161","province_name":"Diguillín","commune_code":"16103","commune_name":"Chillán Viejo","lat_sex":"-36°37' 58''","lon_sex":"-72°8' 24\"","surface":291.8,"population":30907,"density":105.9,"idh":0.732},"geometry":{"type":"Point","coordinates":[-72.14,-36.6328]}},{"type":"Feature","properties":{"iso2_country":"CL","region_code":"16","region_name":"Ñuble","region_abbr":"NUBLE","province_code":"161","province_name":"Diguillín","commune_code":"16104","commune_name":"El Carmen","lat_sex":"-36°53' 60\"","lon_sex":"-72°1' 58''","surface":664.3,"population":12044,"density":18.1,"idh":0.611},"geometry":{"type":"Point","coordinates":[-72.0333,-36.9]}},{"type":"Feature","properties":{"iso2_country":"CL","region_code":"16","region_name":"Ñuble","region_abbr":"NUBLE","province_code":"161","province_name":"Diguillín","commune_code":"16105","commune_name":"Pemuco","lat_sex":"-36°58' 40''","lon_sex":"-72°5' 27''","surface":562.7,"population":8448,"density":15,"idh":0.631},"geometry":{"type":"Point","coordinates":[-72.0908,-36.9778]}},{"type":"Feature","properties":{"iso2_country":"CL","region_code":"16","region_name":"Ñuble","region_abbr":"NUBLE","province_code":"161","province_name":"Diguillín","commune_code":"16106","commune_name":"Pinto","lat_sex":"-36°42' 0\"","lon_sex":"-71°54' 0\"","surface":1164,"population":10827,"density":9.3,"idh":0.618},"geometry":{"type":"Point","coordinates":[-71.9,-36.7]}},{"type":"Feature","properties":{"iso2_country":"CL","region_code":"16","region_name":"Ñuble","region_abbr":"NUBLE","province_code":"161","province_name":"Diguillín","commune_code":"16107","commune_name":"Quillón","lat_sex":"-36°44' 16''","lon_sex":"-72°28' 8''","surface":423,"population":17485,"density":41.3,"idh":0.59},"geometry":{"type":"Point","coordinates":[-72.4689,-36.7378]}},{"type":"Feature","properties":{"iso2_country":"CL","region_code":"16","region_name":"Ñuble","region_abbr":"NUBLE","province_code":"161","province_name":"Diguillín","commune_code":"16108","commune_name":"San Ignacio","lat_sex":"-36°47' 60\"","lon_sex":"-72°1' 58''","surface":363.6,"population":16079,"density":44.2,"idh":0.618},"geometry":{"type":"Point","coordinates":[-72.0333,-36.8]}},{"type":"Feature","properties":{"iso2_country":"CL","region_code":"16","region_name":"Ñuble","region_abbr":"NUBLE","province_code":"161","province_name":"Diguillín","commune_code":"16109","commune_name":"Yungay","lat_sex":"-37°6' 16''","lon_sex":"-71°55' 50''","surface":823.5,"population":17787,"density":21.6,"idh":0.669},"geometry":{"type":"Point","coordinates":[-71.9306,-37.1044]}},{"type":"Feature","properties":{"iso2_country":"CL","region_code":"16","region_name":"Ñuble","region_abbr":"NUBLE","province_code":"162","province_name":"Itata","commune_code":"16201","commune_name":"Quirihue","lat_sex":"-36°16' 51''","lon_sex":"-72°32' 42\"","surface":589,"population":11594,"density":19.7,"idh":0.594},"geometry":{"type":"Point","coordinates":[-72.545,-36.2808]}},{"type":"Feature","properties":{"iso2_country":"CL","region_code":"16","region_name":"Ñuble","region_abbr":"NUBLE","province_code":"162","province_name":"Itata","commune_code":"16202","commune_name":"Cobquecura","lat_sex":"-36°7' 58''","lon_sex":"-72°46' 58''","surface":570.3,"population":5012,"density":8.79,"idh":0.633},"geometry":{"type":"Point","coordinates":[-72.7828,-36.1328]}},{"type":"Feature","properties":{"iso2_country":"CL","region_code":"16","region_name":"Ñuble","region_abbr":"NUBLE","province_code":"162","province_name":"Itata","commune_code":"16203","commune_name":"Coelemu","lat_sex":"-36°29' 6\"","lon_sex":"-72°41' 38''","surface":342.3,"population":15995,"density":46.7,"idh":0.611},"geometry":{"type":"Point","coordinates":[-72.6939,-36.485]}},{"type":"Feature","properties":{"iso2_country":"CL","region_code":"16","region_name":"Ñuble","region_abbr":"NUBLE","province_code":"162","province_name":"Itata","commune_code":"16204","commune_name":"Ninhue","lat_sex":"-36°24' 3''","lon_sex":"-72°23' 49''","surface":401.2,"population":5213,"density":13,"idh":0.569},"geometry":{"type":"Point","coordinates":[-72.3969,-36.4008]}},{"type":"Feature","properties":{"iso2_country":"CL","region_code":"16","region_name":"Ñuble","region_abbr":"NUBLE","province_code":"162","province_name":"Itata","commune_code":"16205","commune_name":"Portezuelo","lat_sex":"-36°31' 58''","lon_sex":"-72°25' 58''","surface":282.3,"population":4862,"density":17.2,"idh":0.599},"geometry":{"type":"Point","coordinates":[-72.4328,-36.5328]}},{"type":"Feature","properties":{"iso2_country":"CL","region_code":"16","region_name":"Ñuble","region_abbr":"NUBLE","province_code":"162","province_name":"Itata","commune_code":"16206","commune_name":"Ranquil","lat_sex":"-36°38' 60\"","lon_sex":"-72°32' 60\"","surface":248.3,"population":5755,"density":23.2,"idh":0.586},"geometry":{"type":"Point","coordinates":[-72.55,-36.65]}},{"type":"Feature","properties":{"iso2_country":"CL","region_code":"16","region_name":"Ñuble","region_abbr":"NUBLE","province_code":"162","province_name":"Itata","commune_code":"16207","commune_name":"Treguaco","lat_sex":"-36°25' 44''","lon_sex":"-72°39' 54\"","surface":313.1,"population":5401,"density":17.3,"idh":0.562},"geometry":{"type":"Point","coordinates":[-72.665,-36.4289]}},{"type":"Feature","properties":{"iso2_country":"CL","region_code":"16","region_name":"Ñuble","region_abbr":"NUBLE","province_code":"163","province_name":"Punilla","commune_code":"16301","commune_name":"San Carlos","lat_sex":"-36°25' 19''","lon_sex":"-71°57' 32''","surface":874,"population":53024,"density":60.7,"idh":0.653},"geometry":{"type":"Point","coordinates":[-71.9589,-36.4219]}},{"type":"Feature","properties":{"iso2_country":"CL","region_code":"16","region_name":"Ñuble","region_abbr":"NUBLE","province_code":"163","province_name":"Punilla","commune_code":"16302","commune_name":"Coihueco","lat_sex":"-36°3’7 41’’","lon_sex":"-71°4’9 54’’","surface":1776.6,"population":26881,"density":15.1,"idh":0.639},"geometry":{"type":"Point","coordinates":[-71.8318,-36.6282]}},{"type":"Feature","properties":{"iso2_country":"CL","region_code":"16","region_name":"Ñuble","region_abbr":"NUBLE","province_code":"163","province_name":"Punilla","commune_code":"16303","commune_name":"Ñiquén","lat_sex":"-36°17' 13''","lon_sex":"-71°53' 56''","surface":493.1,"population":11152,"density":22.6,"idh":0.629},"geometry":{"type":"Point","coordinates":[-71.8989,-36.2869]}},{"type":"Feature","properties":{"iso2_country":"CL","region_code":"16","region_name":"Ñuble","region_abbr":"NUBLE","province_code":"163","province_name":"Punilla","commune_code":"16304","commune_name":"San Fabián","lat_sex":"-36°33' 14''","lon_sex":"-71°32' 56''","surface":1568.3,"population":4308,"density":2.75,"idh":0.618},"geometry":{"type":"Point","coordinates":[-71.5489,-36.5539]}},{"type":"Feature","properties":{"iso2_country":"CL","region_code":"16","region_name":"Ñuble","region_abbr":"NUBLE","province_code":"163","province_name":"Punilla","commune_code":"16305","commune_name":"San Nicolás","lat_sex":"-36°52' 58''","lon_sex":"-72°28' 58'","surface":490.5,"population":11603,"density":23.7,"idh":0.625},"geometry":{"type":"Point","coordinates":[-72.4828,-36.8828]}}]}